model	features	embedding	pca	cv_auc_roc_mean	cv_auc_roc_std	cv_mcc_mean	cv_f1_mean	cv_accuracy_mean	result_file
lr_elasticnet	handcrafted_sparse_esmc	esmc	1	0.7115850798761961	0.005785936256592135	0.305077270382715	0.6381169676075068	0.6523159396823961	models/cv_results_lr_elasticnet_handcrafted_sparse_esmc_pca1_20260916_133719.json
lr_elasticnet	handcrafted_sparse_esmc	esmc	13	0.7227571802184238	0.004498483328151073	0.3225626599843591	0.6461570257926069	0.6612824848826908	models/cv_results_lr_elasticnet_handcrafted_sparse_esmc_pca13_20260916_171448.json
lr_elasticnet	handcrafted_sparse_esmc	esmc	26	0.7283072584937532	0.004042779314910848	0.3332434918757899	0.6514132187839953	0.6666667936715562	models/cv_results_lr_elasticnet_handcrafted_sparse_esmc_pca26_20260916_210720.json
lr_elasticnet	handcrafted_sparse_esmc	esmc	66	0.7355397156914343	0.005103113802825381	0.3418285099673953	0.6561442407046524	0.670892652209424	models/cv_results_lr_elasticnet_handcrafted_sparse_esmc_pca66_20260917_005004.json
lr_elasticnet	handcrafted_sparse_esmc	esmc	218	0.7400382598964041	0.00565939313177816	0.3492347683842519	0.659403837051089	0.6747325456490084	models/cv_results_lr_elasticnet_handcrafted_sparse_esmc_pca218_20260917_044235.json
lr_elasticnet	handcrafted_sparse_esmc	esmc	718	0.7380309556745894	0.0051566847119437305	0.3469189525247067	0.6578069148700053	0.6736598540691731	models/cv_results_lr_elasticnet_handcrafted_sparse_esmc_pca718_20260917_093000.json
lr_elasticnet	handcrafted_sparse_esmif	esmif	9	0.7153811299440784	0.005994562654486135	0.30704528100475276	0.6385694389251201	0.6534313159490145	models/cv_results_lr_elasticnet_handcrafted_sparse_esmif_pca9_20260917_172045.json
lr_elasticnet	handcrafted_sparse_esmif	esmif	64	0.7221116340653634	0.006219117285868443	0.3182725240935422	0.6443062556295933	0.6590515694518784	models/cv_results_lr_elasticnet_handcrafted_sparse_esmif_pca64_20260917_205408.json
lr_elasticnet	handcrafted_sparse_esmif	esmif	95	0.7234249013495262	0.006146208703508996	0.3199478157142386	0.6449606057475062	0.6599310534630396	models/cv_results_lr_elasticnet_handcrafted_sparse_esmif_pca95_20260918_004241.json
lr_elasticnet	handcrafted_sparse_esmif	esmif	148	0.7249337592198036	0.00656694489635316	0.32411715791182244	0.6467919766572992	0.6620976436782847	models/cv_results_lr_elasticnet_handcrafted_sparse_esmif_pca148_20260918_043743.json
lr_l2	handcrafted_sparse_esmc	esmc	1	0.7116441661894891	0.005709361156075781	0.30519891086675993	0.6380765757908479	0.6524017397681962	models/cv_results_lr_l2_handcrafted_sparse_esmc_pca1_20260916_133715.json
lr_l2	handcrafted_sparse_esmc	esmc	13	0.7228024841524543	0.004418250451963861	0.322960647337926	0.6463811811027951	0.6614755488806203	models/cv_results_lr_l2_handcrafted_sparse_esmc_pca13_20260916_133920.json
lr_l2	handcrafted_sparse_esmc	esmc	26	0.728351054528328	0.004003285511592076	0.33378651670706844	0.6516695475238222	0.6669456687991892	models/cv_results_lr_l2_handcrafted_sparse_esmc_pca26_20260916_134133.json
lr_l2	handcrafted_sparse_esmc	esmc	66	0.7355835176614981	0.005092304990348371	0.3421236644972871	0.6561997271014313	0.6710642606639518	models/cv_results_lr_l2_handcrafted_sparse_esmc_pca66_20260916_134343.json
lr_l2	handcrafted_sparse_esmc	esmc	218	0.7400693264067195	0.005644186210956318	0.3491562091722962	0.6592846382674405	0.6747110873446309	models/cv_results_lr_l2_handcrafted_sparse_esmc_pca218_20260916_134623.json
lr_l2	handcrafted_sparse_esmc	esmc	718	0.7380062464965738	0.00515230309214091	0.3470338217424342	0.6579323679479253	0.6737027734389042	models/cv_results_lr_l2_handcrafted_sparse_esmc_pca718_20260916_134955.json
lr_l2	handcrafted_sparse_esmif	esmif	9	0.7154355436663625	0.005892866061566421	0.30710555099899023	0.6387372020829215	0.6534313159490145	models/cv_results_lr_l2_handcrafted_sparse_esmif_pca9_20260916_135726.json
lr_l2	handcrafted_sparse_esmif	esmif	64	0.7221716283972978	0.006126940237596644	0.31845475733114553	0.6443302543545378	0.6591588140371768	models/cv_results_lr_l2_handcrafted_sparse_esmif_pca64_20260916_135903.json
lr_l2	handcrafted_sparse_esmif	esmif	95	0.7234753568005244	0.0060758144447104236	0.3213153197952417	0.6455624741976775	0.6606389207367455	models/cv_results_lr_l2_handcrafted_sparse_esmif_pca95_20260916_140045.json
lr_l2	handcrafted_sparse_esmif	esmif	148	0.7249181761285838	0.006472512423196811	0.32435434194842566	0.646861203752639	0.6622263438069849	models/cv_results_lr_l2_handcrafted_sparse_esmif_pca148_20260916_140232.json
lr_l2	handcrafted_sparse_esmif	esmif	248	0.7258492925420875	0.006751290350656466	0.326765073371252	0.6475493266900308	0.663556405273486	models/cv_results_lr_l2_handcrafted_sparse_esmif_pca248_20260916_140418.json
lr_l2	handcrafted_sparse_esmif	esmif	420	0.7248456232501801	0.005753286354661075	0.3255344389792809	0.6466206323373328	0.6629986494962683	models/cv_results_lr_l2_handcrafted_sparse_esmif_pca420_20260916_140616.json
rf	handcrafted_sparse_esmc	esmc	1	0.7121682413553665	0.0049757346733675005	0.305735186681702	0.6151253622404843	0.6560698508117738	models/cv_results_rf_handcrafted_sparse_esmc_pca1_20260916_133718.json
rf	handcrafted_sparse_esmc	esmc	13	0.7120221930223133	0.004873299236285279	0.3105267820752535	0.6158347706691809	0.6585795143653298	models/cv_results_rf_handcrafted_sparse_esmc_pca13_20260916_143017.json
rf	handcrafted_sparse_esmc	esmc	26	0.7095456009290527	0.0043523439305287554	0.3063800414193945	0.6145439865145814	0.6564558600856708	models/cv_results_rf_handcrafted_sparse_esmc_pca26_20260916_152250.json
rf	handcrafted_sparse_esmc	esmc	66	0.7049877252019292	0.0038572824368300874	0.29254472223951433	0.6040768865790086	0.6498274417697766	models/cv_results_rf_handcrafted_sparse_esmc_pca66_20260916_162523.json
rf	handcrafted_sparse_esmc	esmc	218	0.6989573600185593	0.004319487584248945	0.28727203642486576	0.5920866455757136	0.6476608764033143	models/cv_results_rf_handcrafted_sparse_esmc_pca218_20260916_174236.json
rf	handcrafted_sparse_esmc	esmc	718	0.6885507370802574	0.0060674452389478575	0.2713886325501375	0.565095506088774	0.6401744020099022	models/cv_results_rf_handcrafted_sparse_esmc_pca718_20260916_200319.json
rf	handcrafted_sparse_esmif	esmif	9	0.7089724458442722	0.004147381237689051	0.30121211416735466	0.612286269766822	0.6538601838511737	models/cv_results_rf_handcrafted_sparse_esmif_pca9_20260917_005657.json
rf	handcrafted_sparse_esmif	esmif	64	0.6953798468592655	0.004624494455611021	0.2778783210134546	0.5953988725257212	0.6426197790015528	models/cv_results_rf_handcrafted_sparse_esmif_pca64_20260917_015204.json
rf	handcrafted_sparse_esmif	esmif	95	0.6939146767841312	0.004667628281322458	0.27325360444660735	0.5912777472083668	0.6404532246789938	models/cv_results_rf_handcrafted_sparse_esmif_pca95_20260917_030754.json
rf	handcrafted_sparse_esmif	esmif	148	0.6915436142235061	0.004307112746467997	0.2729972858501984	0.5873926418273757	0.6405389640233249	models/cv_results_rf_handcrafted_sparse_esmif_pca148_20260917_043533.json
rf	handcrafted_sparse_esmif	esmif	248	0.6892470473866514	0.005136142318724719	0.27080839433914267	0.5819403238754063	0.6396381984102412	models/cv_results_rf_handcrafted_sparse_esmif_pca248_20260917_062442.json
rf	handcrafted_sparse_esmif	esmif	420	0.6864239418995179	0.004541346507530181	0.26438042119510713	0.5703724656302971	0.6367207690930178	models/cv_results_rf_handcrafted_sparse_esmif_pca420_20260917_085534.json
xgb	handcrafted_sparse_esmc	esmc	1	0.7464663096193033	0.004729855039341347	0.3605186286454893	0.6575868316439438	0.6818544828777805	models/cv_results_xgb_handcrafted_sparse_esmc_pca1_20260916_133715.json
xgb	handcrafted_sparse_esmc	esmc	13	0.7568433613075233	0.004001223870187676	0.37945632391201745	0.6661550233023276	0.691507486744969	models/cv_results_xgb_handcrafted_sparse_esmc_pca13_20260916_134704.json
xgb	handcrafted_sparse_esmc	esmc	26	0.757944243418661	0.003828630305183419	0.37659542130344525	0.663589023502782	0.6902203501701507	models/cv_results_xgb_handcrafted_sparse_esmc_pca26_20260916_135744.json
xgb	handcrafted_sparse_esmc	esmc	66	0.7583716728130131	0.005919088344073379	0.3782737614633551	0.6628615436821695	0.6912500367900033	models/cv_results_xgb_handcrafted_sparse_esmc_pca66_20260916_140932.json
xgb	handcrafted_sparse_esmc	esmc	218	0.75754398361742	0.005344915968665329	0.3786455170398117	0.6610110186723857	0.6916577666609847	models/cv_results_xgb_handcrafted_sparse_esmc_pca218_20260916_142538.json
xgb	handcrafted_sparse_esmc	esmc	718	0.7508452909638815	0.005192527515869006	0.3653871376999817	0.6515263573741596	0.6852866464463839	models/cv_results_xgb_handcrafted_sparse_esmc_pca718_20260916_145820.json
xgb	handcrafted_sparse_esmif	esmif	9	0.7464822226741248	0.0050270097091379895	0.3645227560740323	0.6582924597048415	0.6840638406090845	models/cv_results_xgb_handcrafted_sparse_esmif_pca9_20260916_164258.json
xgb	handcrafted_sparse_esmif	esmif	64	0.7456347020181567	0.006758322522294827	0.35697231625716414	0.6520535759052747	0.6805889951146741	models/cv_results_xgb_handcrafted_sparse_esmif_pca64_20260916_165305.json
xgb	handcrafted_sparse_esmif	esmif	95	0.74551997363863	0.006955283810917726	0.35765180000303104	0.6514440053383787	0.6810392909504763	models/cv_results_xgb_handcrafted_sparse_esmif_pca95_20260916_170856.json
xgb	handcrafted_sparse_esmif	esmif	148	0.7462617238075936	0.007638031706291002	0.3585591511570878	0.6507526198670709	0.6816185933832992	models/cv_results_xgb_handcrafted_sparse_esmif_pca148_20260916_172807.json
xgb	handcrafted_sparse_esmif	esmif	248	0.7456215761452764	0.0074185995900671094	0.359704367810777	0.6496858039614056	0.6823478913516241	models/cv_results_xgb_handcrafted_sparse_esmif_pca248_20260916_175240.json
xgb	handcrafted_sparse_esmif	esmif	420	0.7412460711246963	0.005637614837205776	0.3541975624451708	0.6463080606270523	0.6796664923386508	models/cv_results_xgb_handcrafted_sparse_esmif_pca420_20260916_182832.json
