kind	toolkit	k	mode_a	mode_b	delta_subset	p_ttest	q_bh
raw_vs_raw	esmc	raw	sparse_raw	blosum_raw	0.00571565067894166	0.5707760449539212	0.9561514083661531
raw_vs_raw	esmif	raw	sparse_raw	blosum_raw	0.005793314549709013	0.5644505737848113	0.9561514083661531
vs_raw	esmc	10895	eos_bos_repeat	blosum_raw	-0.010030353208450507	0.42143233634101634	0.9263286139346755
vs_raw	esmc	10895	eos_bos_repeat	sparse_raw	-0.015746003887392168	0.2677082306155327	0.7808413226995297
vs_raw	esmc	10895	pad_token	blosum_raw	-0.005210262852311169	0.6813413274740943	0.9561514083661531
vs_raw	esmc	10895	pad_token	sparse_raw	-0.010925913531252829	0.4339030019815433	0.9282228776567192
vs_raw	esmc	10895	zero	blosum_raw	-0.01004549940311733	0.43348150546168723	0.9282228776567192
vs_raw	esmc	10895	zero	sparse_raw	-0.01576115008205899	0.20646607746665036	0.7611812087549145
vs_raw	esmc	2346	boundary	blosum_raw	-0.0008277635554974072	0.9509311325627379	0.980248705103565
vs_raw	esmc	2346	boundary	sparse_raw	-0.006543414234439067	0.5224117196447282	0.9561514083661531
vs_raw	esmc	2346	eos_bos_repeat	blosum_raw	-0.0019277792313629472	0.861088415836583	0.9721839419497177
vs_raw	esmc	2346	eos_bos_repeat	sparse_raw	-0.007643429910304607	0.5768164584002745	0.9561514083661531
vs_raw	esmc	2346	pad_token	blosum_raw	0.0005371451128593682	0.966536911590435	0.980248705103565
vs_raw	esmc	2346	pad_token	sparse_raw	-0.005178505566082292	0.7195572563776536	0.9561514083661531
vs_raw	esmc	2346	zero	blosum_raw	-0.011674723691540453	0.168560069356894	0.7455965173233012
vs_raw	esmc	2346	zero	sparse_raw	-0.017390374370482114	0.0947879690473848	0.7455965173233012
vs_raw	esmc	3888	boundary	blosum_raw	0.0004184644919577041	0.9744484169076859	0.980248705103565
vs_raw	esmc	3888	boundary	sparse_raw	-0.005297186186983956	0.7279161443011286	0.9561514083661531
vs_raw	esmc	3888	eos_bos_repeat	blosum_raw	-0.0016888985604105826	0.8743902909843615	0.9721839419497177
vs_raw	esmc	3888	eos_bos_repeat	sparse_raw	-0.007404549239352243	0.5392276691213895	0.9561514083661531
vs_raw	esmc	3888	pad_token	blosum_raw	0.002188249846611793	0.873861199126375	0.9721839419497177
vs_raw	esmc	3888	pad_token	sparse_raw	-0.003527400832329867	0.8225682333218761	0.9721839419497177
vs_raw	esmc	3888	zero	blosum_raw	-0.005184209002111491	0.6637038647164937	0.9561514083661531
vs_raw	esmc	3888	zero	sparse_raw	-0.010899859681053151	0.32392859489136844	0.8553739458850198
vs_raw	esmc	6389	boundary	blosum_raw	-0.0024940965128000445	0.853578096875196	0.9721839419497177
vs_raw	esmc	6389	boundary	sparse_raw	-0.008209747191741704	0.584482215641928	0.9561514083661531
vs_raw	esmc	6389	eos_bos_repeat	blosum_raw	-0.002063162804803065	0.8576213654479631	0.9721839419497177
vs_raw	esmc	6389	eos_bos_repeat	sparse_raw	-0.007778813483744725	0.5925821443796315	0.9561514083661531
vs_raw	esmc	6389	pad_token	blosum_raw	-0.0008128438661163528	0.9438631726278985	0.980248705103565
vs_raw	esmc	6389	pad_token	sparse_raw	-0.006528494545058013	0.5429296204596793	0.9561514083661531
vs_raw	esmc	6389	zero	blosum_raw	-0.013937359348265344	0.2984347304327873	0.800563007033985
vs_raw	esmc	6389	zero	sparse_raw	-0.019653010027207003	0.07875970770899215	0.7455965173233012
vs_raw	esmc	97	boundary	blosum_raw	0.009497925133727844	0.2613792920636083	0.7808413226995297
vs_raw	esmc	97	boundary	sparse_raw	0.003782274454786183	0.620054876106946	0.9561514083661531
vs_raw	esmc	97	eos_bos_repeat	blosum_raw	0.008823567439259142	0.4098906431787867	0.9236202492961995
vs_raw	esmc	97	eos_bos_repeat	sparse_raw	0.0031079167603174826	0.7390216263945635	0.9561514083661531
vs_raw	esmc	97	pad_token	blosum_raw	0.00865791033730364	0.44635509979278964	0.942925148312268
vs_raw	esmc	97	pad_token	sparse_raw	0.0029422596583619787	0.7531443404716662	0.9561514083661531
vs_raw	esmc	97	zero	blosum_raw	0.01323111642802525	0.16714389897658924	0.7455965173233012
vs_raw	esmc	97	zero	sparse_raw	0.00751546574908359	0.2966891397998142	0.800563007033985
vs_raw	esmc	baseline	handcrafted_sparse	blosum_raw	0.019957538842709583	0.14355924719731147	0.7455965173233012
vs_raw	esmc	baseline	handcrafted_sparse	sparse_raw	0.014241888163767924	0.1283355580981231	0.7455965173233012
vs_raw	esmif	11243	boundary	blosum_raw	-0.02540328379935497	0.10343547887835944	0.7455965173233012
vs_raw	esmif	11243	boundary	sparse_raw	-0.03119659834906398	0.0469195870743019	0.7455965173233012
vs_raw	esmif	11243	eos_bos_repeat	blosum_raw	-0.012517356200287414	0.3514957548530407	0.8652128872309677
vs_raw	esmif	11243	eos_bos_repeat	sparse_raw	-0.018310670749996427	0.1707977160687764	0.7455965173233012
vs_raw	esmif	11243	pad	blosum_raw	-0.019879357301587502	0.06825400082558762	0.7455965173233012
vs_raw	esmif	11243	pad	sparse_raw	-0.025672671851296514	0.012549143633865	0.42416105482463695
vs_raw	esmif	11243	zero	blosum_raw	-0.023055455887918335	0.1600293200723571	0.7455965173233012
vs_raw	esmif	11243	zero	sparse_raw	-0.028848770437627347	0.09486148672830297	0.7455965173233012
vs_raw	esmif	2125	boundary	blosum_raw	0.0006818296497229833	0.9470004356936064	0.980248705103565
vs_raw	esmif	2125	boundary	sparse_raw	-0.00511148489998603	0.5952146755584584	0.9561514083661531
vs_raw	esmif	2125	eos_bos_repeat	blosum_raw	0.0019321281424833174	0.8528067389760818	0.9721839419497177
vs_raw	esmif	2125	eos_bos_repeat	sparse_raw	-0.0038611864072256954	0.6696327757775361	0.9561514083661531
vs_raw	esmif	2125	pad	blosum_raw	-0.003332866546032339	0.7530719274583658	0.9561514083661531
vs_raw	esmif	2125	pad	sparse_raw	-0.009126181095741351	0.2366125264203804	0.7808413226995297
vs_raw	esmif	2125	zero	blosum_raw	-0.0004774487806049795	0.969563099335826	0.980248705103565
vs_raw	esmif	2125	zero	sparse_raw	-0.006270763330313993	0.5034075571061791	0.9561514083661531
vs_raw	esmif	2974	boundary	blosum_raw	-0.004053314038648208	0.7496221139962485	0.9561514083661531
vs_raw	esmif	2974	boundary	sparse_raw	-0.00984662858835722	0.3698145003433006	0.89283786511454
vs_raw	esmif	2974	eos_bos_repeat	blosum_raw	0.0010884700093898487	0.9167492750111002	0.980248705103565
vs_raw	esmif	2974	eos_bos_repeat	sparse_raw	-0.004704844540319164	0.6626390129110644	0.9561514083661531
vs_raw	esmif	2974	pad	blosum_raw	-0.004903653815869176	0.7117872798180529	0.9561514083661531
vs_raw	esmif	2974	pad	sparse_raw	-0.010696968365578189	0.39258860457297867	0.9088695092168959
vs_raw	esmif	2974	zero	blosum_raw	-0.0051985654183531365	0.6884146931375457	0.9561514083661531
vs_raw	esmif	2974	zero	sparse_raw	-0.010991879968062149	0.33026947187934874	0.8587006268863068
vs_raw	esmif	345	boundary	blosum_raw	0.008502963545578945	0.5040044133898517	0.9561514083661531
vs_raw	esmif	345	boundary	sparse_raw	0.0027096489958699324	0.80456888874897	0.9721839419497177
vs_raw	esmif	345	eos_bos_repeat	blosum_raw	0.003829645412858703	0.6654253779834156	0.9561514083661531
vs_raw	esmif	345	eos_bos_repeat	sparse_raw	-0.00196366913685031	0.719400547802374	0.9561514083661531
vs_raw	esmif	345	pad	blosum_raw	0.004925504746763861	0.5243020345510243	0.9561514083661531
vs_raw	esmif	345	pad	sparse_raw	-0.000867809802945152	0.8439145931065575	0.9721839419497177
vs_raw	esmif	345	zero	blosum_raw	0.0035382602240789005	0.6894282402748655	0.9561514083661531
vs_raw	esmif	345	zero	sparse_raw	-0.0022550543256301125	0.6748610525944092	0.9561514083661531
vs_raw	esmif	4308	boundary	blosum_raw	-0.013130407978312905	0.34082052322692863	0.8610772768755343
vs_raw	esmif	4308	boundary	sparse_raw	-0.01892372252802192	0.11042804480984254	0.7455965173233012
vs_raw	esmif	4308	eos_bos_repeat	blosum_raw	-0.004883110924734313	0.6830414663439017	0.9561514083661531
vs_raw	esmif	4308	eos_bos_repeat	sparse_raw	-0.010676425474443326	0.18474563254968032	0.7611812087549145
vs_raw	esmif	4308	pad	blosum_raw	-0.010777727392016026	0.2890561399192399	0.800563007033985
vs_raw	esmif	4308	pad	sparse_raw	-0.01657104194172504	0.11077672298592219	0.7455965173233012
vs_raw	esmif	4308	zero	blosum_raw	-0.004553287796894938	0.6934482178471162	0.9561514083661531
vs_raw	esmif	4308	zero	sparse_raw	-0.01034660234660395	0.2888728495581947	0.800563007033985
vs_raw	esmif	6700	boundary	blosum_raw	-0.02328540296338531	0.10908156946867732	0.7455965173233012
vs_raw	esmif	6700	boundary	sparse_raw	-0.02907871751309432	0.007184090505845292	0.40470376516261813
vs_raw	esmif	6700	eos_bos_repeat	blosum_raw	-0.019265518297829187	0.10596363510305361	0.7455965173233012
vs_raw	esmif	6700	eos_bos_repeat	sparse_raw	-0.0250588328475382	0.04391639699792414	0.7455965173233012
vs_raw	esmif	6700	pad	blosum_raw	-0.013030816061340747	0.24133442092538326	0.7808413226995297
vs_raw	esmif	6700	pad	sparse_raw	-0.01882413061104976	0.08271439377258409	0.7455965173233012
vs_raw	esmif	6700	zero	blosum_raw	-0.01154152108786797	0.4633172395784956	0.9561514083661531
vs_raw	esmif	6700	zero	sparse_raw	-0.017334835637576984	0.24696300878238606	0.7808413226995297
vs_raw	esmif	baseline	handcrafted_sparse	blosum_raw	0.019888021236647773	0.145383043595006	0.7455965173233012
vs_raw	esmif	baseline	handcrafted_sparse	sparse_raw	0.01409470668693876	0.13167163032633558	0.7455965173233012
vs_raw	esmif	raw	boundary	blosum_raw	-0.02664946869115011	0.09257008286943974	0.7455965173233012
vs_raw	esmif	raw	boundary	sparse_raw	-0.03244278324085912	0.005700326476666978	0.40470376516261813
vs_raw	esmif	raw	eos_bos_repeat	blosum_raw	-0.01573578288136268	0.17647254847888788	0.7455965173233012
vs_raw	esmif	raw	eos_bos_repeat	sparse_raw	-0.021529097431071693	0.018726811630965144	0.5274718609388516
vs_raw	esmif	raw	pad	blosum_raw	-0.019977384210251175	0.0692992553993447	0.7455965173233012
vs_raw	esmif	raw	pad	sparse_raw	-0.025770698759960187	0.034144691124538176	0.721306600005869
vs_raw	esmif	raw	zero	blosum_raw	-0.024440918010113184	0.054994025491441716	0.7455965173233012
vs_raw	esmif	raw	zero	sparse_raw	-0.0302342325598222	0.002779057848448581	0.40470376516261813
within_pc	ESM-C	10895	eos_bos_repeat	pad_token	-0.004820090356139339	0.4220550489524853	0.9263286139346755
within_pc	ESM-C	10895	zero	eos_bos_repeat	-1.5146194666822618e-05	0.9972678193169122	0.9972678193169122
within_pc	ESM-C	10895	zero	pad_token	-0.004835236550806162	0.23739527319205123	0.7808413226995297
within_pc	ESM-C	2346	boundary	pad_token	-0.0013649086683567753	0.8639465604220535	0.9721839419497177
within_pc	ESM-C	2346	eos_bos_repeat	boundary	-0.00110001567586554	0.8946452786751538	0.976543073936177
within_pc	ESM-C	2346	eos_bos_repeat	pad_token	-0.0024649243442223154	0.6484168721204038	0.9561514083661531
within_pc	ESM-C	2346	zero	boundary	-0.010846960136043046	0.20718541776760985	0.7611812087549145
within_pc	ESM-C	2346	zero	eos_bos_repeat	-0.009746944460177506	0.25526210267639554	0.7808413226995297
within_pc	ESM-C	2346	zero	pad_token	-0.01221186880439982	0.19947422243796759	0.7611812087549145
within_pc	ESM-C	3888	boundary	pad_token	-0.0017697853546540891	0.8197358596578977	0.9721839419497177
within_pc	ESM-C	3888	eos_bos_repeat	boundary	-0.0021073630523682865	0.7777431930891139	0.9714000323395399
within_pc	ESM-C	3888	eos_bos_repeat	pad_token	-0.003877148407022376	0.703681857449235	0.9561514083661531
within_pc	ESM-C	3888	zero	boundary	-0.005602673494069195	0.4882039439499629	0.9561514083661531
within_pc	ESM-C	3888	zero	eos_bos_repeat	-0.0034953104417009087	0.7418384222444993	0.9561514083661531
within_pc	ESM-C	3888	zero	pad_token	-0.0073724588487232845	0.49803259983543935	0.9561514083661531
within_pc	ESM-C	6389	boundary	pad_token	-0.0016812526466836915	0.8394555446248633	0.9721839419497177
within_pc	ESM-C	6389	eos_bos_repeat	boundary	0.00043093370799697955	0.946522451140249	0.980248705103565
within_pc	ESM-C	6389	eos_bos_repeat	pad_token	-0.001250318938686712	0.8956460145568488	0.976543073936177
within_pc	ESM-C	6389	zero	boundary	-0.011443262835465299	0.26721241159204057	0.7808413226995297
within_pc	ESM-C	6389	zero	eos_bos_repeat	-0.011874196543462279	0.17074942758064063	0.7455965173233012
within_pc	ESM-C	6389	zero	pad_token	-0.01312451548214899	0.15324301836983195	0.7455965173233012
within_pc	ESM-C	97	boundary	pad_token	0.0008400147964242044	0.825044027772988	0.9721839419497177
within_pc	ESM-C	97	eos_bos_repeat	boundary	-0.0006743576944687005	0.8947460642470778	0.976543073936177
within_pc	ESM-C	97	eos_bos_repeat	pad_token	0.00016565710195550384	0.970570664033281	0.980248705103565
within_pc	ESM-C	97	zero	boundary	0.0037331912942974075	0.35325259892861993	0.8652128872309677
within_pc	ESM-C	97	zero	eos_bos_repeat	0.004407548988766108	0.19830040141838062	0.7611812087549145
within_pc	ESM-C	97	zero	pad_token	0.0045732060907216114	0.3762160970765736	0.8955002874076189
within_pc	ESM-IF	11243	boundary	pad	-0.005523926497767469	0.62745076219293	0.9561514083661531
within_pc	ESM-IF	11243	eos_bos_repeat	boundary	0.012885927599067556	0.21280091451791527	0.7651777564580358
within_pc	ESM-IF	11243	eos_bos_repeat	pad	0.007362001101300086	0.2679810456601936	0.7808413226995297
within_pc	ESM-IF	11243	zero	boundary	0.002347827911436636	0.6858638854815857	0.9561514083661531
within_pc	ESM-IF	11243	zero	eos_bos_repeat	-0.01053809968763092	0.1747747890968249	0.7455965173233012
within_pc	ESM-IF	11243	zero	pad	-0.0031760985863308333	0.7817183692199847	0.9714000323395399
within_pc	ESM-IF	2125	boundary	pad	0.004014696195755322	0.5384571508221135	0.9561514083661531
within_pc	ESM-IF	2125	eos_bos_repeat	boundary	0.001250298492760334	0.8510563251808224	0.9721839419497177
within_pc	ESM-IF	2125	eos_bos_repeat	pad	0.005264994688515656	0.5563947407889116	0.9561514083661531
within_pc	ESM-IF	2125	zero	boundary	-0.0011592784303279628	0.7581318859234587	0.9561514083661531
within_pc	ESM-IF	2125	zero	eos_bos_repeat	-0.002409576923088297	0.6854142730559605	0.9561514083661531
within_pc	ESM-IF	2125	zero	pad	0.0028554177654273594	0.7039885985956413	0.9561514083661531
within_pc	ESM-IF	2974	boundary	pad	0.000850339777220969	0.9070464302700865	0.980248705103565
within_pc	ESM-IF	2974	eos_bos_repeat	boundary	0.005141784048038056	0.48341856906001285	0.9561514083661531
within_pc	ESM-IF	2974	eos_bos_repeat	pad	0.005992123825259025	0.11643231866196668	0.7455965173233012
within_pc	ESM-IF	2974	zero	boundary	-0.0011452513797049295	0.47367918646520657	0.9561514083661531
within_pc	ESM-IF	2974	zero	eos_bos_repeat	-0.006287035427742986	0.4033006114628419	0.9210513964489228
within_pc	ESM-IF	2974	zero	pad	-0.0002949116024839604	0.9693277079718247	0.980248705103565
within_pc	ESM-IF	345	boundary	pad	0.0035774587988150843	0.6732311449291053	0.9561514083661531
within_pc	ESM-IF	345	eos_bos_repeat	boundary	-0.004673318132720243	0.5869478554818246	0.9561514083661531
within_pc	ESM-IF	345	eos_bos_repeat	pad	-0.001095859333905158	0.8142002953061626	0.9721839419497177
within_pc	ESM-IF	345	zero	boundary	-0.004964703321500045	0.500366790945329	0.9561514083661531
within_pc	ESM-IF	345	zero	eos_bos_repeat	-0.00029138518877980246	0.9488454953231058	0.980248705103565
within_pc	ESM-IF	345	zero	pad	-0.0013872445226849606	0.5588121314165093	0.9561514083661531
within_pc	ESM-IF	4308	boundary	pad	-0.002352680586296877	0.6512138339824027	0.9561514083661531
within_pc	ESM-IF	4308	eos_bos_repeat	boundary	0.008247297053578592	0.24493961047202154	0.7808413226995297
within_pc	ESM-IF	4308	eos_bos_repeat	pad	0.005894616467281714	0.27973123321212834	0.800563007033985
within_pc	ESM-IF	4308	zero	boundary	0.008577120181417966	0.1258045565604964	0.7455965173233012
within_pc	ESM-IF	4308	zero	eos_bos_repeat	0.00032982312783937556	0.9324312658122753	0.980248705103565
within_pc	ESM-IF	4308	zero	pad	0.00622443959512109	0.033113608999300666	0.721306600005869
within_pc	ESM-IF	6700	boundary	pad	-0.01025458690204456	0.1281416011718566	0.7455965173233012
within_pc	ESM-IF	6700	eos_bos_repeat	boundary	0.004019884665556121	0.6063973160383965	0.9561514083661531
within_pc	ESM-IF	6700	eos_bos_repeat	pad	-0.006234702236488439	0.14249393755781017	0.7455965173233012
within_pc	ESM-IF	6700	zero	boundary	0.011743881875517337	0.23525977112545574	0.7808413226995297
within_pc	ESM-IF	6700	zero	eos_bos_repeat	0.007723997209961216	0.19612556576359824	0.7611812087549145
within_pc	ESM-IF	6700	zero	pad	0.0014892949734727767	0.819875813691007	0.9721839419497177
within_pc	ESM-IF	raw	boundary	pad	-0.006672084480898936	0.4676484389582943	0.9561514083661531
within_pc	ESM-IF	raw	eos_bos_repeat	boundary	0.01091368580978743	0.17013165597550206	0.7455965173233012
within_pc	ESM-IF	raw	eos_bos_repeat	pad	0.004241601328888493	0.3413738316607148	0.8610772768755343
within_pc	ESM-IF	raw	zero	boundary	0.002208550681036925	0.7464507027746691	0.9561514083661531
within_pc	ESM-IF	raw	zero	eos_bos_repeat	-0.008705135128750504	0.011576365458224758	0.42416105482463695
within_pc	ESM-IF	raw	zero	pad	-0.004463533799862011	0.3892836063803498	0.9088695092168959
