basename,mode,features_key,toolkit,padtype,pca,k_label,auc,auc_std,mcc,mcc_std,n_features,heldout_auc,runtime_h,auc_pooled,auc_padded,auc_padded_std,auc_padded_esmc,auc_padded_std_esmc,auc_padded_esmif,auc_padded_std_esmif,n_padded
cv_results_xgb_handcrafted_sparse_esmc_win_impute_boundary_pca97_flat_20261001_164551.json,flat,esmc_win_impute_boundary,ESM-C,boundary,97.0,97,0.7516301271446381,0.004712881527717553,0.3681517129565868,0.009091639597279124,780,0.7586997234032515,27.721555555555558,0.7516046459121308,0.7422025241554357,0.01968828809868798,0.7422025241554357,0.01968828809868798,0.7421298679018699,0.019619528072244413,1443
cv_results_xgb_handcrafted_sparse_esmc_win_impute_boundary_pca2346_flat_20261001_211617.json,flat,esmc_win_impute_boundary,ESM-C,boundary,2346.0,2346,0.7396468897333386,0.004946953249003911,0.3482773228289268,0.007731499094950297,3029,0.746731189915107,,0.7396275494372921,0.7316021613372885,0.026988601631702424,0.7316021613372885,0.026988601631702424,0.7313179400801635,0.02674666537130283,1443
cv_results_xgb_handcrafted_sparse_esmc_win_impute_boundary_pca3888_flat_20261002_170425.json,flat,esmc_win_impute_boundary,ESM-C,boundary,3888.0,3888,0.7366606084041152,0.005761232260334203,0.342134586447084,0.010287426713402738,4571,0.7424535626924642,,0.7366415682380478,0.7338989714961965,0.027960559485820016,0.7338989714961965,0.027960559485820016,0.733645643257069,0.027719355106856945,1443
cv_results_xgb_handcrafted_sparse_esmc_win_impute_boundary_pca6389_flat_20261007_095004.json,flat,esmc_win_impute_boundary,ESM-C,boundary,6389.0,6389,0.732747712202598,0.0051309306960213834,0.34015495249890787,0.007321730874349085,7072,0.7384813327181408,,0.7326654813887956,0.7295272463971223,0.024402069295767374,0.7295272463971223,0.024402069295767374,0.729146196915111,0.023987424199133665,1443
cv_results_xgb_handcrafted_sparse_esmc_win_impute_bos_eos_pca97_flat_20261001_164552.json,flat,esmc_win_impute_bos_eos,ESM-C,eos_bos_repeat,97.0,97,0.7523612634160344,0.005858551311300609,0.36929647318844755,0.010105391225347562,780,0.7600841065221338,29.23075,0.752281355542841,0.7412137279175328,0.020193940330941053,0.7412137279175328,0.020193940330941053,0.7410634913208254,0.020024908781183928,1443
cv_results_xgb_handcrafted_sparse_esmc_win_impute_bos_eos_pca2346_flat_20261001_214356.json,flat,esmc_win_impute_bos_eos,ESM-C,eos_bos_repeat,2346.0,2346,0.7378678183265143,0.004388761520147037,0.34784379430907336,0.007161128389059559,3029,0.7442694202130198,,0.737805519388197,0.7321724709784412,0.0296172377191773,0.7321724709784412,0.0296172377191773,0.7318715981222413,0.029290091541373187,1443
cv_results_xgb_handcrafted_sparse_esmc_win_impute_bos_eos_pca3888_flat_20261002_182241.json,flat,esmc_win_impute_bos_eos,ESM-C,eos_bos_repeat,3888.0,3888,0.7368456042297341,0.004800671151058004,0.34401563437262445,0.008692384239767753,4571,0.7431064717561855,,0.7367856452801645,0.7312615327120267,0.01627472568753767,0.7312615327120267,0.01627472568753767,0.7310099190567538,0.015932866440170862,1443
cv_results_xgb_handcrafted_sparse_esmc_win_impute_bos_eos_pca6389_flat_20261007_050906.json,flat,esmc_win_impute_bos_eos,ESM-C,eos_bos_repeat,6389.0,6389,0.7333730844091494,0.00490986732162192,0.34004938909520604,0.007039429337906814,7072,0.7383538228698626,,0.7333272753306038,0.7311817282912512,0.029396227931362314,0.7311817282912512,0.029396227931362314,0.7308403125438637,0.02903481875108459,1443
cv_results_xgb_handcrafted_sparse_esmc_win_impute_bos_eos_pca10895_flat_20261005_231609.json,flat,esmc_win_impute_bos_eos,ESM-C,eos_bos_repeat,10895.0,10895,0.728348553658224,0.005261096826382901,0.3332747697218614,0.00803548158293396,11578,0.734996718795438,,0.7282768036373022,0.7219380406262895,0.0262142539969265,0.7219380406262895,0.0262142539969265,0.7217127528501692,0.025995776095858434,1443
cv_results_xgb_handcrafted_sparse_esmc_win_padtoken_pca97_flat_20261001_164549.json,flat,esmc_win_padtoken,ESM-C,pad_token,97.0,97,0.7526602755599227,0.004828054986516314,0.37091323522636316,0.012401411371578994,780,0.7597712459328123,24.404638888888886,0.7526362471567107,0.7419066638637797,0.022249664131989106,0.7419066638637797,0.022249664131989106,0.7419758573901651,0.022337340048328526,1443
cv_results_xgb_handcrafted_sparse_esmc_win_padtoken_pca2346_flat_20261001_210608.json,flat,esmc_win_padtoken,ESM-C,pad_token,2346.0,2346,0.7399695168727783,0.005980768808088073,0.34862871744408497,0.007475735787241355,3029,0.7474682947945062,,0.7398914757052593,0.7338201403000646,0.03629579966534302,0.7338201403000646,0.03629579966534302,0.7335004054960308,0.03597035540053044,1443
cv_results_xgb_handcrafted_sparse_esmc_win_padtoken_pca3888_flat_20261002_085913.json,flat,esmc_win_padtoken,ESM-C,pad_token,3888.0,3888,0.736295112833635,0.005523619335414678,0.3460212016595834,0.006652178224009167,4571,0.7433384017415172,,0.7362577751637036,0.7351291274457135,0.027233275032829223,0.7351291274457135,0.027233275032829223,0.7347958483444845,0.026917891312177856,1443
cv_results_xgb_handcrafted_sparse_esmc_win_padtoken_pca6389_flat_20261003_005015.json,flat,esmc_win_padtoken,ESM-C,pad_token,6389.0,6389,0.7321678714484715,0.005269110138791086,0.33691990040260533,0.010615648136602332,7072,0.7385087538326256,,0.7320961027236907,0.7317598237295526,0.029309038687655605,0.7317598237295526,0.029309038687655605,0.7314544050905347,0.028950925320374528,1443
cv_results_xgb_handcrafted_sparse_esmc_win_padtoken_pca10895_flat_20261005_165928.json,flat,esmc_win_padtoken,ESM-C,pad_token,10895.0,10895,0.7280252149485801,0.004654371116635169,0.3323086840916108,0.007410858422141738,11578,0.7311274429447572,,0.7279430123565416,0.7280109624023856,0.03515185971320193,0.7280109624023856,0.03515185971320193,0.7276021927977667,0.03467691288507833,1443
cv_results_xgb_handcrafted_sparse_esmc_win_zeropad_pca97_flat_20261001_164548.json,flat,esmc_win_zeropad,ESM-C,zero,97.0,97,0.7524081767324403,0.005353286921998642,0.37156794054934505,0.010572458457374355,780,0.7599964455838478,27.851833333333335,0.7523774978911881,0.7456496858430851,0.019124295461152997,0.7456496858430851,0.019124295461152997,0.7456682106707838,0.019226343962927994,1443
cv_results_xgb_handcrafted_sparse_esmc_win_zeropad_pca2346_flat_20261001_205425.json,flat,esmc_win_zeropad,ESM-C,zero,2346.0,2346,0.7387880383763511,0.004917290374982132,0.34932100197474214,0.008529950003211915,3029,0.745578203685771,,0.738720563591859,0.7214631070002102,0.024349198366835214,0.7214631070002102,0.024349198366835214,0.7212175798125362,0.024064737484282922,1443
cv_results_xgb_handcrafted_sparse_esmc_win_zeropad_pca3888_flat_20261002_160049.json,flat,esmc_win_zeropad,ESM-C,zero,3888.0,3888,0.7355260277035381,0.006047779154896305,0.34052679788516266,0.01005755799031454,4571,0.743482171011264,,0.735439197160195,0.7277228879078785,0.030327473364716164,0.7277228879078785,0.030327473364716164,0.7274871722890252,0.030092422633078663,1443
cv_results_xgb_handcrafted_sparse_esmc_win_zeropad_pca6389_flat_20261007_032413.json,flat,esmc_win_zeropad,ESM-C,zero,6389.0,6389,0.7323872414628032,0.004706869021658772,0.33635470925402705,0.007550965863236667,7072,0.7365375988459542,,0.732289081388541,0.7196801594531256,0.03028205208077185,0.7196801594531256,0.03028205208077185,0.7194337871769677,0.030055185368916278,1443
cv_results_xgb_handcrafted_sparse_esmc_win_zeropad_pca10895_flat_20261005_154755.json,flat,esmc_win_zeropad,ESM-C,zero,10895.0,10895,0.7283156234079978,0.0050486554040316215,0.32899487388860565,0.00662338633908281,11578,0.7331894574444293,,0.7282893866679087,0.7231779288222424,0.029264705617053733,0.7231779288222424,0.029264705617053733,0.7228103214335845,0.028865803578157212,1443
cv_results_xgb_handcrafted_sparse_esmif_boundary_pca345_flat_20261003_074642.json,flat,esmif_boundary,ESM-IF,boundary,345.0,345,0.7332292876606904,0.003445821990227378,0.34029926439088265,0.005902354927316586,1028,0.7354436196564145,22.514166666666668,0.7331429055720529,0.7412506433350489,0.03341779901435624,0.7412643355990005,0.03336862680436436,0.7412506433350489,0.03341779901435624,1442
cv_results_xgb_handcrafted_sparse_esmif_boundary_pca2125_flat_20261003_095700.json,flat,esmif_boundary,ESM-IF,boundary,2125.0,2125,0.7235031000708562,0.004372813074469215,0.3216180290963661,0.006334406662372537,2808,0.7316586728953578,,0.723459434922346,0.7331465712191394,0.027348158568682453,0.7333091973621719,0.027479835598380426,0.7331465712191394,0.027348158568682453,1442
cv_results_xgb_handcrafted_sparse_esmif_boundary_pca2974_flat_20261003_164232.json,flat,esmif_boundary,ESM-IF,boundary,2974.0,2974,0.7210392368382402,0.004711585702505328,0.31608033303541677,0.010217258131479015,3657,0.727730256730934,,0.7209798580165581,0.7277406073082862,0.026589628474264045,0.7277540310964739,0.02650670796374275,0.7277406073082862,0.026589628474264045,1442
cv_results_xgb_handcrafted_sparse_esmif_boundary_pca4308_flat_20261004_022250.json,flat,esmif_boundary,ESM-IF,boundary,4308.0,4308,0.7183097180746175,0.005088990665127532,0.3159392837931004,0.00985885262834112,4991,0.7255019163460762,,0.7181942226481094,0.7205206335095682,0.03066885013141782,0.7208509486993826,0.030958642944541925,0.7205206335095682,0.03066885013141782,1442
cv_results_xgb_handcrafted_sparse_esmif_boundary_pca6700_flat_20261004_163237.json,flat,esmif_boundary,ESM-IF,boundary,6700.0,6700,0.7150881205205669,0.004265070367552734,0.3078526548909659,0.009946149090007739,7383,0.7222432350811145,,0.7149939357546414,0.7091852648980801,0.03329032569727574,0.7095411051160473,0.03361878488750935,0.7091852648980801,0.03329032569727574,1442
cv_results_xgb_handcrafted_sparse_esmif_boundary_pca11243_flat_20261005_095910.json,flat,esmif_boundary,ESM-IF,boundary,11243.0,11243,0.7076660641204362,0.004554484708086638,0.2962808515253302,0.01597860769176465,11926,0.7104011785681634,70.73263888888889,0.7075567511983294,0.708557525850372,0.039061967615485776,0.708861794314811,0.03935650474812084,0.708557525850372,0.039061967615485776,1442
cv_results_xgb_handcrafted_sparse_esmif_boundary_flat_raw_20261005_140753.json,flat_raw,esmif_boundary,ESM-IF,boundary,,raw,0.7135056040955452,0.002456293406013543,0.30418847167835156,0.00469501427938729,15531,0.7172315016428679,31.146527777777777,0.7134498020151414,0.7065729346995431,0.019800643327413443,0.7066837175624228,0.01983493911660383,0.7065729346995431,0.019800643327413443,1442
cv_results_xgb_handcrafted_sparse_esmif_eos_bos_repeat_pca345_flat_20261003_142007.json,flat,esmif_eos_bos_repeat,ESM-IF,eos_bos_repeat,345.0,345,0.7325302855421314,0.003105913349001371,0.3349955709159957,0.004929065887739756,1028,0.7346231852419896,20.454583333333332,0.7324411881048691,0.737630421559912,0.031021562350225226,0.7375835999968857,0.030946853169110382,0.737630421559912,0.031021562350225226,1442
cv_results_xgb_handcrafted_sparse_esmif_eos_bos_repeat_pca2125_flat_20261003_162643.json,flat,esmif_eos_bos_repeat,ESM-IF,eos_bos_repeat,2125.0,2125,0.7236005866728356,0.004901104235249491,0.325193514697035,0.008038246431683844,2808,0.729022247686431,,0.7235092914452625,0.7336748857592912,0.0355672302502275,0.7338600425104524,0.035744610223097634,0.7336748857592912,0.0355672302502275,1442
cv_results_xgb_handcrafted_sparse_esmif_eos_bos_repeat_pca2974_flat_20261003_223725.json,flat,esmif_eos_bos_repeat,ESM-IF,eos_bos_repeat,2974.0,2974,0.7208899020745015,0.005213595269880809,0.31824928155124393,0.00778416951019281,3657,0.7286503134203399,,0.720831357158769,0.733081262964176,0.027502384746619438,0.7333374208768364,0.027824108224998853,0.733081262964176,0.027502384746619438,1442
cv_results_xgb_handcrafted_sparse_esmif_eos_bos_repeat_pca4308_flat_20261004_065537.json,flat,esmif_eos_bos_repeat,ESM-IF,eos_bos_repeat,4308.0,4308,0.7175594802520927,0.004203168791212745,0.31256024892109935,0.009666533539031767,4991,0.722283850316299,,0.7175060329335154,0.7268623574915393,0.03189100786691114,0.7272469810571555,0.03223196016273182,0.7268623574915393,0.03189100786691114,1442
cv_results_xgb_handcrafted_sparse_esmif_eos_bos_repeat_pca6700_flat_20261004_191151.json,flat,esmif_eos_bos_repeat,ESM-IF,eos_bos_repeat,6700.0,6700,0.7134840592545303,0.0033445394824779618,0.30302519297015357,0.009285395645997344,7383,0.7195021898242142,,0.713447365724268,0.7124389806453626,0.029294495826287143,0.7126865671641791,0.02958147324397015,0.7124389806453626,0.029294495826287143,1442
cv_results_xgb_handcrafted_sparse_esmif_eos_bos_repeat_pca11243_flat_20261005_095909.json,flat,esmif_eos_bos_repeat,ESM-IF,eos_bos_repeat,11243.0,11243,0.7077752889050007,0.003055601635181152,0.2917052585913224,0.009670252421594598,11926,0.7114478455067088,66.32155555555556,0.7076753022410827,0.7194679034295606,0.033095407386387644,0.7198816169543518,0.03358813842304927,0.7194679034295606,0.033095407386387644,1442
cv_results_xgb_handcrafted_sparse_esmif_eos_bos_repeat_flat_raw_20261005_150329.json,flat_raw,esmif_eos_bos_repeat,ESM-IF,eos_bos_repeat,,raw,0.7134514865800202,0.004014024921583039,0.30381098215692776,0.005526492191730012,15531,0.7192746911976025,38.093361111111115,0.7133707562662881,0.7167707699745784,0.024569974479365726,0.7170154703789348,0.02479136963766109,0.7167707699745784,0.024569974479365726,1442
cv_results_xgb_handcrafted_sparse_esmif_pad_pca345_flat_20261002_175144.json,flat,esmif_pad,ESM-IF,pad,345.0,345,0.7339766157979158,0.003657400723446737,0.34109961031181585,0.0029684074415587394,1028,0.7396189924436338,38.855916666666666,0.733903326268207,0.736799934496795,0.022638546457893562,0.7369899329642865,0.022850311674619102,0.736799934496795,0.022638546457893562,1442
cv_results_xgb_handcrafted_sparse_esmif_pad_pca2125_flat_20261002_202551.json,flat,esmif_pad,ESM-IF,pad,2125.0,2125,0.7234953480160549,0.004812802617594686,0.32483952239359387,0.008744540405617033,2808,0.7322886921587741,,0.7234252972408107,0.7291052574119996,0.02692308356341768,0.7292742079897852,0.027059078328317963,0.7291052574119996,0.02692308356341768,1442
cv_results_xgb_handcrafted_sparse_esmif_pad_pca2974_flat_20261003_071104.json,flat,esmif_pad,ESM-IF,pad,2974.0,2974,0.7207008177012303,0.005250391708030478,0.3188851965951081,0.009875652087284682,3657,0.7285465929715053,,0.7206309548852301,0.7270709540073925,0.02764435082185809,0.7274338401887278,0.027994265008716074,0.7270709540073925,0.02764435082185809,1442
cv_results_xgb_handcrafted_sparse_esmif_pad_pca4308_flat_20261003_231152.json,flat,esmif_pad,ESM-IF,pad,4308.0,4308,0.7187768039142469,0.005095795655361204,0.31379233702140746,0.007867299301202169,4991,0.7262135325832142,,0.7186817463812651,0.7223638858996554,0.02984653973881774,0.7227360848340456,0.030246601679350338,0.7223638858996554,0.02984653973881774,1442
cv_results_xgb_handcrafted_sparse_esmif_pad_pca6700_flat_20261004_230755.json,flat,esmif_pad,ESM-IF,pad,6700.0,6700,0.7144616087076908,0.003507155307589525,0.3055832683756364,0.009470673781266302,7383,0.7201070536302356,,0.7143569090736792,0.719990369469268,0.028630348269489594,0.7203409789861335,0.029056723120587165,0.719990369469268,0.028630348269489594,1442
cv_results_xgb_handcrafted_sparse_esmif_pad_pca11243_flat_20261003_224024.json,flat,esmif_pad,ESM-IF,pad,11243.0,11243,0.7055458025210178,0.0031357633075777412,0.2882615010260273,0.009274158347337653,11926,0.7099311879959622,39.45783333333333,0.7054312451734052,0.713287987959887,0.028883948919293048,0.7136588185831406,0.02934530186873294,0.713287987959887,0.028883948919293048,1442
cv_results_xgb_handcrafted_sparse_esmif_pad_flat_raw_20261005_095910.json,flat_raw,esmif_pad,ESM-IF,pad,,raw,0.7122543363330512,0.003376569761069549,0.3013761279560305,0.004465016912743674,15531,0.7164292258036487,33.13111111111111,0.7121970173892653,0.7127606481698092,0.0203127790706776,0.7129104088322082,0.020456191785219787,0.7127606481698092,0.0203127790706776,1442
cv_results_xgb_handcrafted_sparse_esmif_win_pca345_flat_20261001_164553.json,flat,esmif_win,ESM-IF,zero,345.0,345,0.7335937552026989,0.0029681577390914286,0.3404221285250564,0.004232751206488183,1028,0.7377707160356013,21.32975,0.7335293930934246,0.7368564700010917,0.023298269398815567,0.7367836093398422,0.023190735042484364,0.7368564700010917,0.023298269398815567,1442
cv_results_xgb_handcrafted_sparse_esmif_win_pca2125_flat_20261001_191556.json,flat,esmif_win,ESM-IF,zero,2125.0,2125,0.7239369639514001,0.00441983587702859,0.31982622590906434,0.008613835842754372,2808,0.7302826527166162,,0.7238651536892599,0.732924328202249,0.02955138416576982,0.7331087130855892,0.029658570770730204,0.732924328202249,0.02955138416576982,1442
cv_results_xgb_handcrafted_sparse_esmif_win_pca2974_flat_20261002_020808.json,flat,esmif_win,ESM-IF,zero,2974.0,2974,0.721025473459354,0.004622910947698372,0.31897939345027776,0.010021043039206458,3657,0.7272348774719317,,0.7209838673019185,0.7266108719724262,0.029420488542028216,0.7267623151846402,0.029561781996459608,0.7266108719724262,0.029420488542028216,1442
cv_results_xgb_handcrafted_sparse_esmif_win_pca4308_flat_20261002_114052.json,flat,esmif_win,ESM-IF,zero,4308.0,4308,0.7189174306114067,0.004620211481467043,0.3129792491315471,0.004688023367567918,4991,0.726790009038639,,0.7187975067467399,0.7280505778318439,0.03188637415719251,0.728367162621945,0.03221998968383604,0.7280505778318439,0.03188637415719251,1442
cv_results_xgb_handcrafted_sparse_esmif_win_pca6700_flat_20261003_012035.json,flat,esmif_win,ESM-IF,zero,6700.0,6700,0.7147580789820619,0.003948710066898607,0.3097735281437531,0.009708441079717097,7383,0.7209403822989808,,0.7146751600941974,0.7225139974110639,0.03669591137598469,0.7227185667904608,0.03689674790297102,0.7225139974110639,0.03669591137598469,1442
cv_results_xgb_handcrafted_sparse_esmif_win_pca11243_flat_20261003_164524.json,flat,esmif_win,ESM-IF,zero,11243.0,11243,0.7053421374219924,0.004230528675038379,0.29016189494291766,0.009886891423310716,11926,0.7130923793690865,48.23405555555556,0.7052884949984031,0.7091755173973393,0.03692404105405351,0.7094282110573891,0.03716493409464851,0.7091755173973393,0.03692404105405351,1442
cv_results_xgb_handcrafted_sparse_esmif_win_flat_raw_20261005_095909.json,flat_raw,esmif_win,ESM-IF,zero,,raw,0.7139267805835582,0.0029727991605781566,0.302403118498994,0.0064252373801939365,15531,0.7190024125249789,60.64861111111111,0.7138281525285601,0.7081520298195543,0.022680458470608927,0.7082253053978931,0.022677866889397533,0.7081520298195543,0.022680458470608927,1442
cv_results_xgb_handcrafted_sparse_20261003_163248.json,slot,handcrafted_sparse,baseline,-,,baseline,0.7409285941654148,0.004269593055711566,0.3493513951904276,0.003123882612510298,683,0.747604167582925,0.2103611111111111,0.7408787407122818,,,0.7518909754825248,0.03658704360166977,0.7515235343657887,0.036295445080884975,0
