result_file	timestamp	model_key	model_class	feature_set	components	embedding_mode	features	cv_folds	best_fold	best_fold_auc	has_heldout_predictions	cv_mean_auc_roc	cv_std_auc_roc	cv_mean_auc_pr	cv_std_auc_pr	cv_mean_accuracy	cv_std_accuracy	cv_mean_f1	cv_std_f1	cv_mean_mcc	cv_std_mcc	cv_mean_sensitivity	cv_std_sensitivity	cv_mean_specificity	cv_std_specificity	cv_mean_ppv	cv_std_ppv	cv_mean_npv	cv_std_npv	heldout_auc_roc	heldout_auc_pr	heldout_accuracy	heldout_f1	heldout_mcc	heldout_sensitivity	heldout_specificity	heldout_ppv	heldout_npv
models/cv_results_lr_handcrafted_blosum_esmc_20260506_155159.json	20260506_155159	lr	sklearn.linear_model.LogisticRegression	handcrafted_blosum_esmc	['handcrafted', 'blosum', 'esmc']	esmc_pca	781	5	0	0.760928519346152	True	0.7493135238078823	0.007969311155481088	0.6942602767123722	0.007831662608279761	0.6835642071922975	0.007829390451361159	0.657678649555715	0.009631921569909403	0.36571121267729256	0.015833962978649297	0.6870478818300659	0.010343552559080859	0.6808709719389208	0.008611478536268403	0.630815083256	0.011869377481859334	0.7327025771044073	0.008242286494553216	0.752760079467103	0.6871787653770515	0.6884115319389486	0.6613418530351438	0.3756289629327449	0.6953488372093023	0.6830150753768844	0.630506091846298	0.7424076906270483
models/cv_results_lr_handcrafted_sparse_esmc_20260506_155022.json	20260506_155022	lr	sklearn.linear_model.LogisticRegression	handcrafted_sparse_esmc	['handcrafted', 'sparse', 'esmc']	esmc_pca	781	5	0	0.7610532675233707	True	0.7494114844957027	0.007941764181116	0.6941279139262361	0.007829277883784598	0.6837451182452791	0.008175463386677777	0.6577982583051656	0.009732515255351832	0.36603652047168056	0.016348182291026966	0.6869960906961791	0.009745267722588456	0.6812422373865616	0.00960139047214475	0.6310834882179923	0.012514312150119087	0.7327652491872293	0.008029251188827307	0.752515783049615	0.686535023442268	0.6876201243640475	0.6605234058238113	0.37405821530517275	0.6945736434108527	0.6822110552763819	0.6296556570625439	0.7416958041958042
models/cv_results_lr_all_sparse_20260506_195237.json	20260506_195237	lr	sklearn.linear_model.LogisticRegression	all_sparse	['handcrafted', 'sparse', 'esmc', 'esmif']	all_pca	931	5	0	0.758622720153391	True	0.7483757655173067	0.008418359492824394	0.6932745732295278	0.007941690023311751	0.6827955671871443	0.007244766746954	0.6559454302230957	0.007420182112149272	0.36365476990217904	0.014190676098288365	0.6833525982263572	0.007416371637028783	0.6824305270935022	0.009548093326552374	0.6307474833136728	0.010727236366833365	0.7307921924952824	0.008219352983390684	0.7511436251022554	0.6874682431144044	0.6878462408140192	0.6595141201134542	0.37375635825815245	0.6909560723514212	0.685427135678392	0.6308091531021467	0.7403386886669562
models/cv_results_lr_all_blosum_20260506_195603.json	20260506_195603	lr	sklearn.linear_model.LogisticRegression	all_blosum	['handcrafted', 'blosum', 'esmc', 'esmif']	all_pca	931	5	0	0.7586904967221163	True	0.7483552742691533	0.008652324056478054	0.6933895745247538	0.007957827766600192	0.6828182095058629	0.0069602281019540135	0.6562769363845318	0.007328513670782117	0.36386831278357595	0.013755019483223142	0.6843264133113082	0.008017537207331898	0.6816984677083091	0.008783289242285278	0.6305302377588502	0.010206962071408867	0.7311950756639061	0.00841152274689225	0.7509014841650111	0.6873929996849948	0.6866026003391746	0.6585365853658537	0.3714730929104031	0.6906976744186046	0.6834170854271356	0.6292372881355932	0.7396127909506199
models/cv_results_lr_handcrafted_sparse_esmif_20260506_182702.json	20260506_182702	lr	sklearn.linear_model.LogisticRegression	handcrafted_sparse_esmif	['handcrafted', 'sparse', 'esmif']	esmif_pca	781	5	4	0.7449244483143564	True	0.7339136774444311	0.008813939869556324	0.6794730249645743	0.007536854944348718	0.6715355431108291	0.004408293236337546	0.6435648847039743	0.005080301854241352	0.3409734323154767	0.009590227068251229	0.6702501143513945	0.011783346676485826	0.6727045286547406	0.006299664038721835	0.619097264643891	0.006798766572430948	0.719907471988705	0.010178960229994472	0.7354336021191228	0.6709813009649656	0.6739400791407575	0.6457872758535986	0.34654283519250595	0.679328165374677	0.6697487437185929	0.6154026217228464	0.7286245353159851
models/cv_results_lr_handcrafted_blosum_esmif_20260506_182847.json	20260506_182847	lr	sklearn.linear_model.LogisticRegression	handcrafted_blosum_esmif	['handcrafted', 'blosum', 'esmif']	esmif_pca	781	5	4	0.744957376838722	True	0.7337725659964006	0.008907749451408147	0.6794900953597885	0.00745911519407263	0.6718520703547812	0.004057336733455943	0.6441671746315144	0.0049628303131102405	0.34173653428883427	0.008919893644786545	0.6713628702139439	0.011221284480906552	0.67238068843403	0.005710696847069075	0.619250623708739	0.0068066710362787676	0.7204916222566564	0.009702593023137916	0.735380468232636	0.6707909926353195	0.6740531373657433	0.6457795798009583	0.34669349728676785	0.6790697674418604	0.6701507537688443	0.6156008432888265	0.728583916083916
models/cv_results_lr_handcrafted_sparse_20260506_151424.json	20260506_151424	lr	sklearn.linear_model.LogisticRegression	handcrafted_sparse	['handcrafted', 'sparse']	none	631	5	4	0.7342829079179868	True	0.7266766774214068	0.0077625212647741216	0.6720266918663687	0.00802325848248462	0.665362722507495	0.00487856775529788	0.6371639650602184	0.0070607413682698865	0.3286703198201461	0.010551813515410978	0.6641676657912233	0.01228561438041987	0.6664227804672633	0.0068543474310984315	0.6124345965880779	0.008339286519858824	0.7143277389176265	0.00902624786210523	0.7303937776738992	0.6626634491342964	0.6698699830412662	0.6411012782694199	0.33817862609139626	0.6739018087855297	0.6667336683417086	0.6113455227379277	0.7243939724830749
models/cv_results_lr_handcrafted_sparse_20260506_153010.json	20260506_153010	lr	sklearn.linear_model.LogisticRegression	handcrafted_sparse	['handcrafted', 'sparse']	none	631	5	4	0.7342829079179868	True	0.7266766774214068	0.0077625212647741216	0.6720266918663687	0.00802325848248462	0.665362722507495	0.00487856775529788	0.6371639650602184	0.0070607413682698865	0.3286703198201461	0.010551813515410978	0.6641676657912233	0.01228561438041987	0.6664227804672633	0.0068543474310984315	0.6124345965880779	0.008339286519858824	0.7143277389176265	0.00902624786210523	0.7303937776738992	0.6626634491342964	0.6698699830412662	0.6411012782694199	0.33817862609139626	0.6739018087855297	0.6667336683417086	0.6113455227379277	0.7243939724830749
models/cv_results_lr_handcrafted_blosum_20260506_153045.json	20260506_153045	lr	sklearn.linear_model.LogisticRegression	handcrafted_blosum	['handcrafted', 'blosum']	none	631	5	4	0.7337487572347667	True	0.7264864389898054	0.0076388125378942405	0.6720281653455898	0.008014516276888949	0.6657923412062978	0.005176614403908042	0.6377077736190179	0.007394108638660043	0.3295779245064058	0.011203987638369137	0.6648855121863383	0.012736677974158712	0.6666240677108382	0.006719096466956124	0.6128290876785928	0.008335013650995024	0.7148294256653418	0.009384062467058266	0.7300575227558983	0.6626002220782613	0.6690785754663652	0.6405501657865651	0.3367632758671558	0.6739018087855297	0.6653266331658292	0.6103440205944302	0.7239720034995626
models/cv_results_rf_handcrafted_blosum_esmc_20260506_154412.json	20260506_154412	rf	sklearn.ensemble.RandomForestClassifier	handcrafted_blosum_esmc	['handcrafted', 'blosum', 'esmc']	esmc_pca	781	5	3	0.7323733773788644	True	0.7195274541535325	0.010948926088788082	0.6609091549985439	0.011773216184250642	0.6491512466247722	0.009284003272709536	0.47363990127843225	0.015111123383682569	0.28372235054143935	0.015585793374136084	0.35701908718630715	0.017579195677003834	0.8811610015214603	0.009543415986348145	0.704841463302001	0.012484626233939755	0.6332461284490323	0.010361061375323746	0.7259006920909457	0.6600927318203862	0.6497456189937818	0.4634568756494631	0.27998504908236893	0.3457364341085271	0.8862311557788944	0.7027310924369747	0.6352110646880853
models/cv_results_lr_handcrafted_sparse_esmif_20260506_192303.json	20260506_192303	lr	sklearn.linear_model.LogisticRegression	handcrafted_sparse_esmif	['handcrafted', 'sparse', 'esmif']	esmif_full	2167	5	4	0.7275342797922126	True	0.7138051524218028	0.00803900172912354	0.6552610872804572	0.006384871114733019	0.6580371169922576	0.005340299141778149	0.6259305796293338	0.0047046837092577	0.31217160686380524	0.010776200402949911	0.6466091598836169	0.008940265361439518	0.6671673121923807	0.004257507145243064	0.6066029153852905	0.004132084457032824	0.7039727617950342	0.009967545534493456	0.7229676028722424	0.6573669681682507	0.665799886941775	0.6302226670002502	0.326463856437238	0.6509043927648579	0.6773869346733669	0.6108147429679922	0.71383181529337
models/cv_results_lr_handcrafted_blosum_esmif_20260506_192932.json	20260506_192932	lr	sklearn.linear_model.LogisticRegression	handcrafted_blosum_esmif	['handcrafted', 'blosum', 'esmif']	esmif_full	2167	5	4	0.7275400110227193	True	0.7137979555115443	0.008030453260951292	0.6556025803987191	0.006141900156214979	0.6580371067676838	0.005050171844777772	0.6260743793979705	0.0046076257689002115	0.31224693185446684	0.01027825622517917	0.6470172375828864	0.009203086343198772	0.6668455820976578	0.0040952739388940215	0.6065207432709687	0.00394792740952258	0.7041193762400371	0.009868115299893178	0.7229372183917	0.6569834502842412	0.6661390616167326	0.6313818499563101	0.32755131766463297	0.6534883720930232	0.6759798994974875	0.6107220478145375	0.7149234693877551
models/cv_results_lr_handcrafted_blosum_esmc_20260506_180210.json	20260506_180210	lr	sklearn.linear_model.LogisticRegression	handcrafted_blosum_esmc	['handcrafted', 'blosum', 'esmc']	esmc_full	4087	5	0	0.7264954375150701	True	0.7183681539786593	0.0074655199965958	0.6587200379687876	0.00761257627152624	0.6614963075868766	0.0063276491379565345	0.6300194343413772	0.00911899017013137	0.3193476584856377	0.013715117844671254	0.6515253363717829	0.014181582520513566	0.6694728292469977	0.004738676384508724	0.6100135089349573	0.007777902945635805	0.7076930911826629	0.010205814647458882	0.7210896861568825	0.6565771017094704	0.6655737704918033	0.632455268389662	0.32730161878573827	0.6576227390180879	0.6717587939698493	0.6091431306845381	0.7160917077351617
models/cv_results_lr_handcrafted_sparse_esmc_20260506_175318.json	20260506_175318	lr	sklearn.linear_model.LogisticRegression	handcrafted_sparse_esmc	['handcrafted', 'sparse', 'esmc']	esmc_full	4087	5	0	0.726531367885218	True	0.7183482837089581	0.0074623352126804935	0.6585966646570839	0.00768038320161315	0.6612928130064759	0.005972079940424635	0.6296096769862347	0.008710544831315972	0.3188464883612932	0.01298224838712943	0.6507594427203366	0.013539207438432569	0.6697204303818964	0.004424216800264039	0.6099141444233027	0.007745783465800651	0.7073082451243242	0.009825485321899181	0.7209877812836795	0.6565424780098854	0.6650084793668739	0.6320625853719111	0.3262826930425109	0.6576227390180879	0.6707537688442211	0.608415013148458	0.7157872157872158
models/cv_results_rf_handcrafted_blosum_20260506_152722.json	20260506_152722	rf	sklearn.ensemble.RandomForestClassifier	handcrafted_blosum	['handcrafted', 'blosum']	none	631	5	3	0.7296165206763089	True	0.71615829414499	0.010689272610073842	0.6582967272668782	0.011768748378702499	0.6517287773314041	0.007224222608761773	0.4873421083165903	0.013222190952659455	0.2878655239915676	0.011238971393630916	0.37441114478394233	0.017146421707079335	0.8719716924462126	0.010147620112798543	0.6992663909236826	0.0113293608124033	0.6371805586465749	0.00922396773624554	0.7204125277550543	0.6531497087561324	0.6525720746184285	0.473350471293916	0.2857660383068386	0.35684754521963824	0.8826130653266332	0.7027989821882952	0.6382267441860465
models/cv_results_rf_handcrafted_sparse_20260506_152356.json	20260506_152356	rf	sklearn.ensemble.RandomForestClassifier	handcrafted_sparse	['handcrafted', 'sparse']	none	631	5	4	0.7285921607395497	True	0.7098787123136543	0.01316218980282405	0.6471687888244022	0.008941424188016026	0.6502590306311616	0.008176054139938974	0.5103292368058235	0.023669816066793095	0.2809066090933821	0.013788825456891538	0.41311565466414635	0.03304542599381573	0.8386472704083759	0.015738076041401563	0.6705021436801815	0.00622553014327227	0.6431314764604087	0.012173459825403575	0.7083559658758911	0.6315264727166402	0.6534765404183154	0.5166377542974294	0.28284062499036305	0.4232558139534884	0.8325628140703517	0.6628895184135978	0.6498274239096329
models/cv_results_lr_all_blosum_20260506_213642.json	20260506_213642	lr	sklearn.linear_model.LogisticRegression	all_blosum	['handcrafted', 'blosum', 'esmc', 'esmif']	all_full	5623	5	4	0.7089549330420339	True	0.7018920910813657	0.00602664185427574	0.6384265330263608	0.005445442456445818	0.6492188054962708	0.0053557543048383	0.6149120456137915	0.006835545773724465	0.29372346479726896	0.011162364210391925	0.6330113980356897	0.00977505993671746	0.6621021480254106	0.0032289099022056364	0.5978717733574832	0.0060545729441874325	0.6944687232187128	0.008781197301503098	0.7055315855764611	0.6424709390263046	0.6496325607687959	0.6141202838998879	0.29469847921582004	0.6372093023255814	0.6592964824120603	0.5926459985580389	0.7002561912894961
models/cv_results_lr_all_sparse_20260506_212443.json	20260506_212443	lr	sklearn.linear_model.LogisticRegression	all_sparse	['handcrafted', 'sparse', 'esmc', 'esmif']	all_full	5623	5	4	0.7092497788005535	True	0.7018972011501238	0.00602090727909119	0.6383702015439623	0.005645043679735822	0.6488118853513425	0.005429932912604632	0.6144014154995389	0.006111348117055884	0.29286910472063865	0.011026677961527412	0.6323587769858486	0.009274093588547966	0.6618891949707968	0.004560842000478124	0.5974895268869381	0.0052931943995441315	0.6940077413918478	0.009075767038374625	0.705512627738174	0.6422915908459812	0.6492933860938384	0.6126373626373627	0.2934521344133301	0.6338501291989664	0.6613065326633166	0.5927984533591106	0.6989589972381559
models/cv_results_rf_all_blosum_20260506_194442.json	20260506_194442	rf	sklearn.ensemble.RandomForestClassifier	all_blosum	['handcrafted', 'blosum', 'esmc', 'esmif']	all_pca	931	5	4	0.7299674997548596	True	0.7074147592370291	0.017361218931427846	0.6527239179566386	0.01104984457375924	0.6515706491850312	0.008041352249023118	0.5003224699500743	0.010872875334909809	0.285273071354799	0.014165220293408378	0.3944017482060226	0.014588536906784926	0.8557553618618872	0.012371405363000047	0.6850890309985197	0.014094042700469746	0.6403150804481321	0.009008654802431787	0.7037079973510965	0.6410965789779406	0.6501978518937253	0.5001615508885299	0.2761035418627326	0.4	0.844824120603015	0.6672413793103448	0.6441379310344828
models/cv_results_rf_handcrafted_blosum_esmif_20260506_182119.json	20260506_182119	rf	sklearn.ensemble.RandomForestClassifier	handcrafted_blosum_esmif	['handcrafted', 'blosum', 'esmif']	esmif_pca	781	5	4	0.7273434037652935	True	0.7054415612381255	0.01762679641865928	0.6524035530869086	0.013675300595224477	0.6531534362172554	0.009502581827896813	0.508637055272966	0.013535492387273107	0.2881737308342177	0.017864126328805508	0.4059596975825805	0.017763855269293114	0.8494904539514971	0.01349705001465277	0.6821143294649241	0.01657778048459658	0.6430676377240341	0.010533558917459076	0.7010309428278343	0.6422066928207141	0.6550593555681176	0.5156374027623433	0.28657492482468405	0.4196382428940568	0.8381909547738694	0.6685878962536023	0.6499376558603491
models/cv_results_rf_handcrafted_sparse_esmc_20260506_153829.json	20260506_153829	rf	sklearn.ensemble.RandomForestClassifier	handcrafted_sparse_esmc	['handcrafted', 'sparse', 'esmc']	esmc_pca	781	5	4	0.7059482253140532	True	0.6933429325739973	0.012851733906334326	0.6268042842237882	0.013520808798630707	0.6275807853162851	0.010912329571970287	0.4162341457195152	0.021292339496966076	0.235086018477011	0.021434637706391996	0.30046626911430885	0.02104019789348136	0.8873884699915828	0.008884661480627986	0.6791986363303314	0.01802473493718992	0.6151536083817702	0.010835127284157616	0.6935250152571645	0.6194831913205354	0.6312040700960995	0.4324982602644398	0.23478777907062018	0.3211886304909561	0.8723618090452261	0.661874334398296	0.6229367015932252
models/cv_results_rf_handcrafted_blosum_esmif_20260506_190654.json	20260506_190654	rf	sklearn.ensemble.RandomForestClassifier	handcrafted_blosum_esmif	['handcrafted', 'blosum', 'esmif']	esmif_full	2167	5	4	0.706351547635435	True	0.6810215492107761	0.018566105496862974	0.6178360582367358	0.01600990279715804	0.6219054771380448	0.009075815621941862	0.39983838919459896	0.010214120939176457	0.221995347897201	0.016902035316082392	0.28468465990005865	0.010112873259380366	0.8896073012785062	0.010767700944613776	0.6724550816304453	0.018363835371334743	0.6103858100865477	0.00862664689467967	0.6786460467713242	0.6073290683327526	0.6201243640474845	0.3888686795198254	0.20976557392165934	0.27622739018087855	0.8876381909547739	0.6566339066339066	0.6118885963696827
models/cv_results_rf_all_sparse_20260506_193654.json	20260506_193654	rf	sklearn.ensemble.RandomForestClassifier	all_sparse	['handcrafted', 'sparse', 'esmc', 'esmif']	all_pca	931	5	4	0.7048898493968089	True	0.6832159236566804	0.016145478988882	0.6191493118350151	0.011830764199606837	0.628711324111705	0.010940053716933858	0.43998287656947144	0.01486739708119348	0.2346192871247313	0.01934799077035516	0.32974778113806186	0.015021892761193614	0.8661300413371222	0.006986570300826056	0.661586416045229	0.012125006073526009	0.6194765376534669	0.011110441667839	0.6763607702595665	0.607532996744075	0.6275862068965518	0.4375	0.22505092447502592	0.3310077519379845	0.8582914572864322	0.6450151057401813	0.6225397288234437
models/cv_results_rf_handcrafted_blosum_esmc_20260506_164902.json	20260506_164902	rf	sklearn.ensemble.RandomForestClassifier	handcrafted_blosum_esmc	['handcrafted', 'blosum', 'esmc']	esmc_full	4087	5	3	0.6823038290794907	True	0.6705304944531072	0.007319196446295384	0.6099243846608766	0.009501691679962102	0.5926697729773972	0.008158037092075722	0.21035727801155318	0.015763816597785023	0.16851603724054448	0.012665722734546199	0.12273846374889177	0.01074304687188098	0.9657784352964809	0.0037848432413465118	0.7402435983062186	0.0169950930287124	0.5810568034849597	0.00773032136534401	0.6736288159141963	0.5998480927728995	0.5902769926512154	0.1793478260869565	0.1487745265065101	0.10232558139534884	0.9698492462311558	0.7252747252747253	0.5813953488372093
models/cv_results_rf_handcrafted_sparse_esmif_20260506_181628.json	20260506_181628	rf	sklearn.ensemble.RandomForestClassifier	handcrafted_sparse_esmif	['handcrafted', 'sparse', 'esmif']	esmif_pca	781	5	4	0.6969021552865443	True	0.6787005753722203	0.016600866494713203	0.6160867637893078	0.010721491040057993	0.628937284636926	0.008099681770988718	0.4476173534508452	0.013024160202703187	0.23434218603738363	0.01547826851447349	0.33992895868313877	0.013905976490464482	0.8584196977245571	0.008099627622875003	0.6559270372913549	0.013496689296740005	0.6209910150749648	0.008697305078479465	0.6711718800721955	0.6023644565806492	0.6302996042962126	0.4578912466843501	0.23071191671998043	0.35684754521963824	0.8430150753768845	0.6387604070305273	0.6275624719437378
models/cv_results_lr_esmc_20260506_154933.json	20260506_154933	lr	sklearn.linear_model.LogisticRegression	esmc	['esmc']	esmc_pca	150	5	4	0.6774990223041777	True	0.6693525941313003	0.010499165065358808	0.6039926275794244	0.009075844276319738	0.6184685863389214	0.005890270766610299	0.5905464019994593	0.005945458630870077	0.23609469214772857	0.011872632376740778	0.621827671935352	0.00837585704665103	0.6158043085359665	0.005914094463081744	0.5623006295699745	0.005575599792949487	0.672267149564559	0.009459360532960202	0.6667690389934167	0.5926766967585035	0.6192198982475975	0.5916585838991271	0.23906768466773506	0.6304909560723514	0.6104522613065326	0.5573321151210598	0.6798746362211775
models/cv_results_rf_all_blosum_20260506_204432.json	20260506_204432	rf	sklearn.ensemble.RandomForestClassifier	all_blosum	['handcrafted', 'blosum', 'esmc', 'esmif']	all_full	5623	5	4	0.6882604235712798	True	0.6672838885600288	0.015204988868999333	0.5999630309601711	0.011659867212086405	0.5992043799006861	0.009375971660243631	0.2834478710163945	0.01357935688361696	0.17323276501932156	0.018453726427955883	0.179252672783508	0.010752829648926654	0.9326196980183825	0.00906280466857422	0.6797868864949063	0.027035131462555605	0.5887278729207605	0.008498855736412472	0.6661771389245972	0.593409650718403	0.6061051441492369	0.2889795918367347	0.18283850367976354	0.18294573643410852	0.9352763819095478	0.6873786407766991	0.5953934740882918
models/cv_results_lr_esmc_20260506_174810.json	20260506_174810	lr	sklearn.linear_model.LogisticRegression	esmc	['esmc']	esmc_full	3456	5	3	0.6759952890575962	True	0.6690122771673706	0.008055249124580034	0.6009612139150133	0.008856461901515731	0.6233071562942414	0.005306736258282637	0.5897663619700586	0.008972597357571915	0.2430342845443531	0.012088916574106483	0.6121904819259931	0.0166491169940614	0.6321639194673534	0.006836915784834857	0.5690999765179585	0.0043297964683541	0.6726221133104848	0.010788250643315482	0.6631169283108047	0.5948427622714467	0.6193329564725834	0.5861094038106945	0.23621603406930222	0.6160206718346253	0.6219095477386934	0.558968347010551	0.6755458515283843
models/cv_results_rf_esmc_20260506_153205.json	20260506_153205	rf	sklearn.ensemble.RandomForestClassifier	esmc	['esmc']	esmc_pca	150	5	2	0.6622680185174042	True	0.6552111434546646	0.009160137017274247	0.5893727717952814	0.008443572440340972	0.606733804626543	0.009515353037608563	0.369517754809069	0.016847476487664183	0.18319621436883138	0.01698823819565362	0.2606582915592822	0.0156598238986748	0.881586030556053	0.003747319359106772	0.6356306461748693	0.011521602203707789	0.6003698982723954	0.009825164516270107	0.6524502356744966	0.5791469787745602	0.6049745618993781	0.3352359208523592	0.17214187042237053	0.22764857881136952	0.8984924623115578	0.6356421356421357	0.5992760423649283
models/cv_results_rf_handcrafted_sparse_esmif_20260506_184828.json	20260506_184828	rf	sklearn.ensemble.RandomForestClassifier	handcrafted_sparse_esmif	['handcrafted', 'sparse', 'esmif']	esmif_full	2167	5	4	0.6767334341126799	True	0.6555684917767877	0.015911316769133776	0.5816410834102456	0.008583055871121138	0.5883738339352839	0.005707229986043007	0.2339502148896992	0.013903289158022513	0.14375973567234582	0.006608485997600926	0.14221394229158715	0.010672304533608463	0.9425202358583278	0.00758854081123851	0.6637206988769787	0.01443369864933856	0.5805901487104546	0.006154310248033343	0.6454519366860141	0.5622003668471744	0.5918598078010175	0.23516949152542374	0.14158052753694939	0.1434108527131783	0.9407035175879397	0.6529411764705882	0.5853658536585366
models/cv_results_rf_handcrafted_sparse_esmc_20260506_162204.json	20260506_162204	rf	sklearn.ensemble.RandomForestClassifier	handcrafted_sparse_esmc	['handcrafted', 'sparse', 'esmc']	esmc_full	4087	5	0	0.6474526815119582	True	0.6382049176150566	0.007468936121418793	0.5680258656123047	0.008245929083663162	0.5656727673716467	0.006453808717575662	0.059175737531980264	0.0072629921610061965	0.07669953914027497	0.009389336865876775	0.030889943094945648	0.0039673606194512165	0.9901822099027188	0.00242512555488994	0.7181974709621768	0.042226049357710675	0.562786141594958	0.006152625137222554	0.636717177619363	0.556674663574961	0.5697003957037875	0.05745418524021793	0.07094709945159514	0.029974160206718347	0.9895477386934673	0.6904761904761905	0.5673619914717069
models/cv_results_rf_all_sparse_20260506_200102.json	20260506_200102	rf	sklearn.ensemble.RandomForestClassifier	all_sparse	['handcrafted', 'sparse', 'esmc', 'esmif']	all_full	5623	5	4	0.6640005677044327	True	0.6402422672960624	0.015427906797209068	0.5657700078305328	0.009407211815232899	0.5733603406930241	0.008034488079934694	0.13224887376277494	0.012034255880002327	0.10018049777600262	0.015318866870827664	0.07352244298384811	0.00723481193037481	0.9701269568586766	0.0037540968362185126	0.6614567082757956	0.026888651467455192	0.5688108480215843	0.007123638089546085	0.6343928947060886	0.5599290605449625	0.58111927642736	0.13696715583508037	0.11632842027642076	0.07596899224806201	0.974070351758794	0.6950354609929078	0.575397767751128
models/cv_results_lr_esmif_20260506_182616.json	20260506_182616	lr	sklearn.linear_model.LogisticRegression	esmif	['esmif']	esmif_pca	150	5	4	0.6487448136271572	True	0.6310299198118194	0.014156889521506932	0.5657207393798476	0.007827575212189101	0.5953378448413256	0.006528975568663783	0.5678287514193565	0.006929796034028178	0.1905621636661225	0.013621407373130332	0.6008582471787084	0.01094738364811577	0.5909797912322572	0.004865419517032334	0.5382950642054101	0.004935240768777637	0.65100009230296	0.011108399561614829	0.6304913975562567	0.5598368562885401	0.5933295647258338	0.5626747720364742	0.18623288884242983	0.5979328165374677	0.589748743718593	0.5313432835820896	0.6534521158129176
models/cv_results_rf_esmif_20260506_181141.json	20260506_181141	rf	sklearn.ensemble.RandomForestClassifier	esmif	['esmif']	esmif_pca	150	5	4	0.6492113357903986	True	0.6331564947211625	0.01689503240741773	0.5681357481381901	0.012525575908270574	0.6019629111253205	0.007790925459449247	0.38630159889665916	0.0077567723191112655	0.16981189196763	0.014444846984973302	0.283148043418188	0.008069717573361211	0.8550143311583935	0.011174020950805916	0.6083576420979407	0.015103308392558497	0.6003991526313858	0.00748133523408183	0.6282691753340345	0.5568136155591523	0.6006783493499152	0.3825174825174825	0.1594554577442692	0.28268733850129196	0.8480402010050251	0.5913513513513513	0.603145103645461
models/cv_results_lr_esmif_20260506_192137.json	20260506_192137	lr	sklearn.linear_model.LogisticRegression	esmif	['esmif']	esmif_full	1536	5	4	0.6389830692156541	True	0.6197674429728911	0.012763296341626955	0.5553873121480546	0.00752321827585185	0.5913584841660333	0.008072550114566767	0.5523686313634307	0.007882544878275388	0.17734870937611674	0.015604150547566508	0.5698656435197144	0.012536288141316427	0.608354734206868	0.010529010568105006	0.5359765807199774	0.003943289748847366	0.6405049475003732	0.011752939868401776	0.6199764455351694	0.5497507226085414	0.594007914075749	0.5427225264230231	0.17786765051934192	0.5506459948320414	0.6277386934673367	0.5350238513683153	0.6423282599753188
models/cv_results_rf_esmif_20260506_183056.json	20260506_183056	rf	sklearn.ensemble.RandomForestClassifier	esmif	['esmif']	esmif_full	1536	5	4	0.6191603580581049	True	0.6033793420192047	0.013579246846998044	0.5336047050553513	0.006247358316289336	0.5711671082617495	0.005098303135174597	0.12899523375279032	0.014480066391915526	0.0898470083798204	0.004801112664508269	0.07189107658069553	0.009057794558519678	0.9674726677284134	0.0054797024189823925	0.6382821964186597	0.01452206275163979	0.5677152922196301	0.005577213719987346	0.6028269512939374	0.521393610424143	0.5724137931034483	0.12209842154131847	0.07496183077940677	0.06795865633074935	0.964824120603015	0.6004566210045662	0.5709527774473653
models/cv_results_rf_esmc_20260506_155447.json	20260506_155447	rf	sklearn.ensemble.RandomForestClassifier	esmc	['esmc']	esmc_full	3456	5	2	0.6080374714283776	True	0.5945885081059155	0.007643636107541987	0.5304448125020651	0.007147334186756381	0.560336600638499	0.005462520618598008	0.02065620804761875	0.003597342144127115	0.045758728013547426	0.005593296141913745	0.010483948753903185	0.0018561083679433988	0.9968014836520125	0.0012374280662890836	0.732225955052042	0.05856906528032146	0.5592964301509001	0.005565138135715778	0.5997273187643645	0.5248308316927552	0.5650650084793669	0.014852752880921895	0.04968310510189061	0.007493540051679587	0.9987939698492462	0.8285714285714286	0.5640181611804768
