result_file	timestamp	model_key	model_class	feature_set	components	embedding_mode	pca_mode	features	cv_folds	has_heldout_predictions	cv_mean_auc_roc	cv_std_auc_roc	cv_mean_auc_pr	cv_std_auc_pr	cv_mean_accuracy	cv_std_accuracy	cv_mean_f1	cv_std_f1	cv_mean_mcc	cv_std_mcc	cv_mean_sensitivity	cv_std_sensitivity	cv_mean_specificity	cv_std_specificity	cv_mean_ppv	cv_std_ppv	cv_mean_npv	cv_std_npv	heldout_auc_roc	heldout_auc_pr	heldout_accuracy	heldout_f1	heldout_mcc	heldout_sensitivity	heldout_specificity	heldout_ppv	heldout_npv
models/flat/cv_results_xgb_handcrafted_sparse_esmc_win_padtoken_pca97_flat_20260928_000215.json	20260928_000215	xgb	xgboost.XGBClassifier	handcrafted_sparse_esmc_win_padtoken	['handcrafted', 'sparse', 'esmc_win_padtoken']	esmc_pca	flat	780		False	0.7526602755599227	0.004828054986516314	0.7122646437360937	0.00572010064929928	0.6876678169444291	0.006170130655920086	0.6583270413825663	0.006624456268967508	0.37091323522636316	0.012401411371578994	0.6493583027900979	0.006113649038142813	0.7207366672838932	0.007316861976837431	0.6675568227632409	0.007588231180349466	0.704176580951192	0.005039296834356941	0.7526602755599227	0.7122646437360937	0.6876678169444291	0.6583270413825663	0.37091323522636327	0.6493583027900979	0.7207366672838931	0.6675568227632409	0.7041765809511921
models/flat/cv_results_xgb_handcrafted_sparse_esmc_win_impute_bos_eos_pca97_flat_20260928_040122.json	20260928_040122	xgb	xgboost.XGBClassifier	handcrafted_sparse_esmc_win_impute_bos_eos	['handcrafted', 'sparse', 'esmc_win_impute_bos_eos']	esmc_pca	flat	780		False	0.7523612634160344	0.005858551311300609	0.7116240499100955	0.007412437545784049	0.6868311087322542	0.00492447911079392	0.6577673764347236	0.006380596375660858	0.36929647318844755	0.010105391225347562	0.649537865618954	0.00778365872134128	0.7190165663086429	0.004912844375085292	0.6662258813685518	0.005562457857989194	0.7038142945388625	0.004671543407969754	0.7523612634160344	0.7116240499100955	0.6868311087322544	0.6577673764347236	0.36929647318844755	0.649537865618954	0.7190165663086429	0.6662258813685519	0.7038142945388625
models/flat/cv_results_xgb_handcrafted_sparse_esmc_win_impute_bos_eos_pca10_flat_20260928_024502.json	20260928_024502	xgb	xgboost.XGBClassifier	handcrafted_sparse_esmc_win_impute_bos_eos	['handcrafted', 'sparse', 'esmc_win_impute_bos_eos']	esmc_pca	flat	693		False	0.7495294718657187	0.0034090061222703887	0.708288674729709	0.004651225429205704	0.6858013227172708	0.0020252326002202343	0.6595550765898764	0.0031570758443555417	0.3678933591800573	0.004157370259873791	0.6568660181288132	0.006462680266758727	0.7107874124084136	0.0058304710813636106	0.6623202251717708	0.003707401059572392	0.7058135083081011	0.002878541879798238	0.7495294718657187	0.708288674729709	0.6858013227172707	0.6595550765898764	0.3678933591800573	0.6568660181288133	0.7107874124084136	0.6623202251717708	0.7058135083081013
models/flat/cv_results_xgb_handcrafted_sparse_esmc_win_padtoken_pca10_flat_20260927_224652.json	20260927_224652	xgb	xgboost.XGBClassifier	handcrafted_sparse_esmc_win_padtoken	['handcrafted', 'sparse', 'esmc_win_padtoken']	esmc_pca	flat	693		False	0.7492557690470886	0.003259427139263233	0.7082418650234823	0.0038872244864911892	0.6846216157131333	0.0023560678812600084	0.6584793408153462	0.0030279545255599994	0.3655579818582206	0.004667079508283521	0.6561708171699187	0.005766211911324515	0.7091839525502895	0.005669558647235873	0.6608456402282396	0.003478885608274916	0.7049158982976258	0.002869970005433077	0.7492557690470886	0.7082418650234823	0.6846216157131333	0.6584793408153463	0.3655579818582206	0.6561708171699187	0.7091839525502895	0.6608456402282396	0.7049158982976258
models/flat/cv_results_xgb_handcrafted_sparse_esmc_win_impute_bos_eos_pca469_flat_20260928_054434.json	20260928_054434	xgb	xgboost.XGBClassifier	handcrafted_sparse_esmc_win_impute_bos_eos	['handcrafted', 'sparse', 'esmc_win_impute_bos_eos']	esmc_pca	flat	1152		False	0.7471415117230943	0.004870080587744713	0.7060234622796656	0.007061687016987854	0.6818543393070359	0.0033614434665980306	0.6486481190973062	0.004500238665229016	0.3585940975916333	0.00686271495958631	0.633805490207334	0.00599423365741362	0.7233323869178405	0.003985249196997049	0.6642206270387278	0.003717652340412739	0.6958358806913093	0.003475639981060049	0.7471415117230943	0.7060234622796656	0.6818543393070359	0.6486481190973062	0.3585940975916333	0.633805490207334	0.7233323869178405	0.6642206270387278	0.6958358806913093
models/flat/cv_results_xgb_handcrafted_sparse_esmc_win_padtoken_pca469_flat_20260928_014325.json	20260928_014325	xgb	xgboost.XGBClassifier	handcrafted_sparse_esmc_win_padtoken	['handcrafted', 'sparse', 'esmc_win_padtoken']	esmc_pca	flat	1152		False	0.7460757922802778	0.005427906288412361	0.7058453409944093	0.00840254285192964	0.68187586663581	0.005469519595905922	0.6479835801724165	0.006196746886626814	0.35852777221824633	0.010959761201786895	0.6319087882205726	0.0074813292776144515	0.7250040322345846	0.006695706679354144	0.6649241249121607	0.005944155721671116	0.6952262768196111	0.005263026139894956	0.7460757922802778	0.7058453409944093	0.68187586663581	0.6479835801724166	0.35852777221824633	0.6319087882205727	0.7250040322345846	0.6649241249121608	0.6952262768196111
models/flat/cv_results_lr_l2_handcrafted_sparse_esmc_win_padtoken_pca469_flat_20260928_074030.json	20260928_074030	lr_l2	sklearn.linear_model.LogisticRegression	handcrafted_sparse_esmc_win_padtoken	['handcrafted', 'sparse', 'esmc_win_padtoken']	esmc_pca	flat	1152		False	0.7330384015231551	0.005597006058627127	0.6914497633353599	0.008767021991829887	0.6677607337216038	0.0053624115959381245	0.6512153968658881	0.0063251709084598115	0.33492915863387035	0.010843974747980685	0.6694014839603115	0.008073758470911581	0.6663346472353217	0.00673419394982275	0.6340211229045174	0.0061586555058322345	0.7001030183920656	0.005278568349176051	0.7330384015231551	0.6914497633353599	0.6677607337216038	0.6512153968658881	0.33492915863387035	0.6694014839603115	0.6663346472353217	0.6340211229045175	0.7001030183920656
models/flat/cv_results_lr_l2_handcrafted_sparse_esmc_win_impute_bos_eos_pca469_flat_20260928_114709.json	20260928_114709	lr_l2	sklearn.linear_model.LogisticRegression	handcrafted_sparse_esmc_win_impute_bos_eos	['handcrafted', 'sparse', 'esmc_win_impute_bos_eos']	esmc_pca	flat	1152		False	0.7330080201891745	0.0054733346824611	0.6914242317245756	0.008586046166219732	0.6678250810249781	0.005300074430573884	0.6513404467294702	0.006051602581611566	0.3350764609963408	0.01063825949329089	0.6696328570884043	0.007826390585029435	0.6662503826744438	0.007295511689541868	0.6340526878324279	0.006022156316369247	0.7002189451623037	0.005148562494581224	0.7330080201891745	0.6914242317245756	0.6678250810249781	0.6513404467294702	0.33507646099634075	0.6696328570884041	0.6662503826744438	0.6340526878324279	0.7002189451623037
models/flat/cv_results_lr_l2_handcrafted_sparse_esmc_win_impute_bos_eos_pca97_flat_20260928_102232.json	20260928_102232	lr_l2	sklearn.linear_model.LogisticRegression	handcrafted_sparse_esmc_win_impute_bos_eos	['handcrafted', 'sparse', 'esmc_win_impute_bos_eos']	esmc_pca	flat	780		False	0.7269144649437959	0.004918888960612301	0.684689794982542	0.005906152441156326	0.6651222872100719	0.0037705099076279637	0.6496852320761722	0.004642674690763837	0.33009422338315586	0.007688545178824371	0.6701972452493609	0.007812732104312761	0.6607286006351266	0.00609127749820529	0.6304287983756105	0.0035154401630922115	0.6988359025744931	0.004872975898087493	0.7269144649437959	0.6846897949825421	0.665122287210072	0.6496852320761722	0.33009422338315586	0.6701972452493609	0.6607286006351266	0.6304287983756105	0.6988359025744932
models/flat/cv_results_lr_l2_handcrafted_sparse_esmc_win_padtoken_pca97_flat_20260928_061543.json	20260928_061543	lr_l2	sklearn.linear_model.LogisticRegression	handcrafted_sparse_esmc_win_padtoken	['handcrafted', 'sparse', 'esmc_win_padtoken']	esmc_pca	flat	780		False	0.7268909677435467	0.00497343676364199	0.6846716173287358	0.005869330503018909	0.6654440540976775	0.0038977608622394167	0.650152196662304	0.004803164543782552	0.33079038643744735	0.007921426813998123	0.670935294152136	0.008342362848771882	0.6606856746221298	0.006868936584996482	0.630663148933341	0.003638524808789591	0.6992987425923968	0.004997378250820797	0.7268909677435467	0.6846716173287358	0.6654440540976775	0.650152196662304	0.3307903864374473	0.670935294152136	0.6606856746221298	0.630663148933341	0.6992987425923968
models/flat/cv_results_lr_l2_handcrafted_sparse_esmc_win_impute_bos_eos_pca10_flat_20260928_091622.json	20260928_091622	lr_l2	sklearn.linear_model.LogisticRegression	handcrafted_sparse_esmc_win_impute_bos_eos	['handcrafted', 'sparse', 'esmc_win_impute_bos_eos']	esmc_pca	flat	693		False	0.7154474258243718	0.004987216025990275	0.671727406296777	0.004593610840125758	0.6541390810666136	0.0046949256491372075	0.6402200456976466	0.005263757984231462	0.30881764958916746	0.009533681952992515	0.6641367383377924	0.007676868423516884	0.6454973386885478	0.0058047776764235445	0.6179900323388239	0.004158006716513703	0.6900133549868998	0.005725563947081773	0.7154474258243718	0.671727406296777	0.6541390810666136	0.6402200456976465	0.30881764958916746	0.6641367383377924	0.6454973386885478	0.6179900323388239	0.6900133549868995
models/flat/cv_results_lr_l2_handcrafted_sparse_esmc_win_padtoken_pca10_flat_20260928_050918.json	20260928_050918	lr_l2	sklearn.linear_model.LogisticRegression	handcrafted_sparse_esmc_win_padtoken	['handcrafted', 'sparse', 'esmc_win_padtoken']	esmc_pca	flat	693		False	0.7153974341669889	0.004988690473916636	0.6717142673880551	0.004551394416550052	0.6537958641575581	0.004835888736433174	0.6398292148036058	0.005437899306944884	0.3081183961101341	0.009807736074430942	0.6636730619216329	0.00805753829588306	0.6452566833185773	0.006289576028841795	0.6176680312970216	0.004336800505138358	0.6896411591670284	0.005861417264521552	0.7153974341669888	0.671714267388055	0.6537958641575581	0.6398292148036058	0.30811839611013414	0.6636730619216329	0.6452566833185773	0.6176680312970216	0.6896411591670283
models/flat/cv_results_rf_handcrafted_sparse_esmc_win_impute_boundary_pca10_flat_20260928_100418.json	20260928_100418	rf	sklearn.ensemble.RandomForestClassifier	handcrafted_sparse_esmc_win_impute_boundary	['handcrafted', 'sparse', 'esmc_win_impute_boundary']	esmc_pca	flat	693		False	0.6938610247998963	0.006304513865934679	0.6483104045743818	0.009887734857227387	0.642405171108994	0.004312758197040213	0.5998809956950254	0.005115022960833932	0.2780748925171332	0.008451363962853025	0.5785473195572455	0.007934667073638275	0.69754419735827	0.006555325510542671	0.6229078961204808	0.004044581495365458	0.6571653975965016	0.005045151646693177	0.6938610247998964	0.6483104045743818	0.642405171108994	0.5998809956950254	0.2780748925171332	0.5785473195572456	0.69754419735827	0.6229078961204807	0.6571653975965016
models/flat/cv_results_rf_handcrafted_sparse_esmc_win_impute_bos_eos_pca10_flat_20260927_160048.json	20260927_160048	rf	sklearn.ensemble.RandomForestClassifier	handcrafted_sparse_esmc_win_impute_bos_eos	['handcrafted', 'sparse', 'esmc_win_impute_bos_eos']	esmc_pca	flat	693		False	0.6937458111403113	0.006808793591892221	0.6480091870498371	0.009687288433193903	0.6422121733744851	0.005797543913052459	0.599084520067077	0.006452583465182505	0.2775869293664937	0.011454028045420311	0.5769301696597868	0.008377868838060028	0.6985791710390323	0.006757457901672875	0.6230495387764381	0.005540892242813362	0.6566311752045435	0.006228092079974895	0.6937458111403113	0.6480091870498371	0.6422121733744851	0.599084520067077	0.27758692936649365	0.5769301696597869	0.6985791710390323	0.6230495387764381	0.6566311752045436
models/flat/cv_results_rf_handcrafted_sparse_esmc_win_impute_bos_eos_pca97_flat_20260927_180541.json	20260927_180541	rf	sklearn.ensemble.RandomForestClassifier	handcrafted_sparse_esmc_win_impute_bos_eos	['handcrafted', 'sparse', 'esmc_win_impute_bos_eos']	esmc_pca	flat	780		False	0.6892523220656774	0.006798463253084284	0.6432810314408869	0.009487888808751031	0.640002760423664	0.005572472499225534	0.590275872562488	0.004000798188835268	0.27228996993605664	0.010702929430066505	0.5596098209779992	0.005509547498792005	0.7094139361834974	0.011094411989474024	0.6245948815208687	0.0074551073460541	0.6510024537357101	0.004565357862895336	0.6892523220656774	0.6432810314408869	0.640002760423664	0.590275872562488	0.2722899699360566	0.5596098209779992	0.7094139361834974	0.6245948815208687	0.6510024537357101
models/flat/cv_results_rf_handcrafted_sparse_esmc_win_padtoken_pca469_flat_20260927_165103.json	20260927_165103	rf	sklearn.ensemble.RandomForestClassifier	handcrafted_sparse_esmc_win_padtoken	['handcrafted', 'sparse', 'esmc_win_padtoken']	esmc_pca	flat	1152		False	0.6863340713804177	0.006742605130324665	0.6395448811399583	0.009694526818721554	0.6388659230916923	0.005337588415257895	0.5777750405529803	0.004600543779968714	0.26899697752930707	0.010449364749435433	0.5332291951101391	0.005505955386672295	0.7300856532353331	0.008787517148651254	0.6305130177695377	0.007029303239454035	0.6442902826064577	0.004809959104900914	0.6863340713804177	0.6395448811399582	0.6388659230916921	0.5777750405529803	0.2689969775293071	0.5332291951101391	0.7300856532353331	0.6305130177695377	0.6442902826064577
models/flat/cv_results_rf_handcrafted_sparse_esmc_win_impute_bos_eos_pca469_flat_20260927_205532.json	20260927_205532	rf	sklearn.ensemble.RandomForestClassifier	handcrafted_sparse_esmc_win_impute_bos_eos	['handcrafted', 'sparse', 'esmc_win_impute_bos_eos']	esmc_pca	flat	1152		False	0.6856680413919339	0.005703398240809834	0.6379423692289361	0.008498610767882843	0.6382438338159796	0.005200941909204475	0.5782582265638179	0.004444237886937453	0.2678021586735256	0.010360993353303462	0.5352089058559867	0.0054990287369950435	0.727211716247805	0.01016740506149899	0.6289366840119994	0.00793210233322855	0.6443594643417522	0.003906314708659963	0.6856680413919339	0.6379423692289361	0.6382438338159795	0.5782582265638179	0.2678021586735255	0.5352089058559867	0.727211716247805	0.6289366840119994	0.6443594643417522
