feature,residue,n_0,n_1,prop_0,prop_1,log2_enrichment,odds_ratio
N10,A,1758,1539,0.07222085284693124,0.07290729072907291,0.01364744620232595,1.0102895928332187
N10,C,474,380,0.019472516637909786,0.018001800180018002,-0.1132921148685999,0.9233253180850197
N10,D,1197,1067,0.04917426669953168,0.05054715997915581,0.03972570014149483,1.0294542156372823
N10,E,1712,1552,0.07033111494536193,0.073523141787863,0.06403443832013987,1.0490153403169207
N10,F,961,883,0.03947908963930655,0.04183049883935762,0.08346442582072726,1.062206355458134
N10,G,1416,1229,0.05817106236135075,0.058221611634847695,0.0012531018520982734,1.0009731104876523
N10,H,615,550,0.025264974118807,0.026055237102657634,0.04443294940987709,1.0322115148777924
N10,I,1143,948,0.04695587872812423,0.04490975413330807,-0.06427556641980381,0.9544582828161936
N10,K,1412,1339,0.05800673732643168,0.06343265905537922,0.12900321774598983,1.0998922279171188
N10,L,2740,2282,0.1125626489195629,0.10810554739684494,-0.058287100042514084,0.9556356380975541
N10,M,619,463,0.02542929915372607,0.02193377232460088,-0.21332870176458749,0.8596877719485195
N10,N,879,817,0.03611042642346562,0.0387038703870387,0.10005970906991467,1.0747542181384628
N10,P,1367,1094,0.05615808068359215,0.05182623525510446,-0.11580888449394822,0.9187280132120641
N10,Q,1081,1077,0.04440884068687865,0.051020891562840495,0.20023698988487498,1.1568933377390267
N10,R,1315,1173,0.054021855229644235,0.055568714766213466,0.040728943552004994,1.030362669053111
N10,S,1847,1560,0.07587708487388053,0.07390212705481074,-0.03804785602661913,0.971939700896662
N10,T,1252,1054,0.051433735929668885,0.04993130892036572,-0.0427693782086546,0.9693233910628545
N10,V,1565,1289,0.06429216991208611,0.0610640011369558,-0.07431973410191167,0.9465852303568569
N10,W,310,268,0.012735190206227919,0.012696006442749538,-0.004445392119670468,0.9971320227977879
N10,Y,679,545,0.02789417467751212,0.025818371310815293,-0.11156171331610662,0.9237748185141775
N9,A,1729,1524,0.0709158771174275,0.07210787792760823,0.02404788528344136,1.0181509929837806
N9,C,507,414,0.02079488125999754,0.01958836053938964,-0.0862275187742049,0.9410259138048116
N9,D,1187,1046,0.04868545178622698,0.04949136503430329,0.02368562180006234,1.017469738708752
N9,E,1666,1541,0.06833189778926213,0.07291223089661698,0.0936003225759966,1.0723247399378228
N9,F,1007,827,0.041302653705754484,0.039129406198249346,-0.07797932115410221,0.9453386842935316
N9,G,1471,1220,0.060333866535416926,0.05772415424651053,-0.06379183004013188,0.9541592620599131
N9,H,613,544,0.025142529018498012,0.025739295008280105,0.03384143496633383,1.0244649574411355
N9,I,1190,997,0.04880849842090152,0.04717293588833688,-0.04917195125873801,0.9649064833336995
N9,K,1332,1281,0.05463270579549649,0.060610361958836054,0.14979697665269961,1.1164877107599436
N9,L,2739,2279,0.11234157745785653,0.10783061272770286,-0.05912461648740221,0.9550247627484526
N9,M,502,460,0.02058980353553997,0.021764845043766263,0.08006590204117701,1.0584315490574503
N9,N,884,860,0.036257741684098274,0.04069079725573693,0.16640914312045943,1.1274651399972724
N9,P,1378,1153,0.05651942086050613,0.05455405725100544,-0.05105926775619031,0.9632852848527554
N9,Q,1163,1062,0.04770107870883065,0.050248403122782115,0.07505432385481955,1.056266747849483
N9,R,1283,1189,0.052622944095812314,0.0562573929500828,0.09634896125242781,1.073212321339013
N9,S,1863,1524,0.07641196013289037,0.07210787792760823,-0.08364045677074251,0.9393483509744537
N9,T,1231,1050,0.05049013576145359,0.049680624556423,-0.023317780623910222,0.9831943371037254
N9,V,1630,1319,0.06685533817316763,0.062408327418973265,-0.09930267449120037,0.9291197132339939
N9,W,312,236,0.012796850006152332,0.011166311805062692,-0.19661952077204045,0.871590114596043
N9,Y,694,609,0.028464788154710634,0.028814762242725337,0.017629137491581723,1.0127582359119014
N8,A,1742,1576,0.07134081415349332,0.07440279482579548,0.06062830254647951,1.0463985734242307
N8,C,484,345,0.019821443197641085,0.01628741384194127,-0.28328866983975765,0.8190926272949743
N8,D,1199,1095,0.04910312064870178,0.05169483523746577,0.0742039620139718,1.0556965526758324
N8,E,1806,1611,0.07396183143582603,0.07605514115758663,0.04026428827920856,1.0306632994130072
N8,F,863,741,0.035342779916455076,0.03498253233877821,-0.014780372603247674,0.9895286648564724
N8,G,1457,1298,0.0596690965681055,0.061278443961854404,0.03839509487437027,1.0287716105966502
N8,H,651,555,0.02666066016872799,0.02620149183268813,-0.02506259973611941,0.9824411618099176
N8,I,1172,1009,0.047997378982717664,0.047634784250778966,-0.010939942601952472,0.9921327684892195
N8,K,1351,1235,0.05532803669424195,0.058304220564630346,0.0755882600557473,1.0571552118613987
N8,L,2698,2210,0.11049225980833811,0.1043338683788122,-0.08273698405826382,0.9378067487115347
N8,M,531,472,0.021746252764354164,0.022283070531583418,0.035179624310075555,1.0253654039040145
N8,N,968,853,0.03964288639528217,0.040270040600509864,0.02264435121443973,1.0165513231463117
N8,P,1347,1126,0.05516422311409616,0.05315834198848079,-0.05343581263146332,0.9616634399287689
N8,Q,1229,1054,0.050331722499795235,0.04975922953451043,-0.016503495038659555,0.9880934576476678
N8,R,1247,1142,0.0510688836104513,0.05391370031158531,0.0782059188393211,1.058915365723088
N8,S,1868,1621,0.07650094192808583,0.07652724010952695,4.958532469582914e-4,1.000409650574667
N8,T,1306,1121,0.05348513391760177,0.05292229251251062,-0.015262107954320168,0.9889478392023364
N8,V,1592,1319,0.06519780489802604,0.06226985176092909,-0.06628850692290285,0.9521678311619661
N8,W,279,238,0.011425997215169138,0.011235955056179775,-0.024195189187752014,0.9834784416827657
N8,Y,628,561,0.025718732082889672,0.026484751203852328,0.042340813258766166,1.0306893669051258
N7,A,1662,1570,0.06797546012269938,0.07397983224955235,0.122116294768786,1.095403745338413
N7,C,448,412,0.018323108384458078,0.019413815851474885,0.0834150220965003,1.060804782509858
N7,D,1256,996,0.05137014314928425,0.04693242861181793,-0.13034232104961777,0.9094505422469364
N7,E,1757,1590,0.07186094069529653,0.07492225049476958,0.06018559416921319,1.0460783540515726
N7,F,1053,878,0.043067484662576684,0.041372160965036285,-0.05793737853751913,0.9590244092026472
N7,G,1442,1338,0.05897750511247444,0.06304778060503251,0.09627921251322126,1.0736832678388404
N7,H,602,497,0.02462167689161554,0.023419093393648102,-0.07224078615723165,0.9501498094385502
N7,I,1164,1040,0.04760736196319018,0.049005748751295826,0.04176544571260214,1.0309363405000644
N7,K,1394,1234,0.05701431492842536,0.05814720572990293,0.0283851805911369,1.0211410912296444
N7,L,2645,2250,0.1081799591002045,0.10602205258693809,-0.029068609160704112,0.9777160384355008
N7,M,577,524,0.023599182004089978,0.024691358024691357,0.0652666291933227,1.0475402623964114
N7,N,993,773,0.040613496932515335,0.03642446517764584,-0.157047378098724,0.8930822910595193
N7,P,1292,1028,0.052842535787321065,0.04844029780416549,-0.1254894840680828,0.9125382253331036
N7,Q,1171,1076,0.047893660531697343,0.050702101592686837,0.08220917385709371,1.0618074821310766
N7,R,1326,1161,0.054233128834355826,0.054707379134860054,0.012560806455574993,1.0093014771135487
N7,S,1807,1583,0.07390593047034764,0.07459240410894355,0.013338409931006491,1.0100733001423974
N7,T,1330,1080,0.05439672801635992,0.05089058524173028,-0.0961192658346555,0.932167037777668
N7,V,1575,1370,0.06441717791411043,0.06455564979738007,0.0030978568391873177,1.0023422183222017
N7,W,285,207,0.011656441717791411,0.009754028837998304,-0.2570331739641733,0.8357339535188376
N7,Y,671,615,0.027443762781186095,0.02897936104042974,0.07854469882412056,1.0576925623573383
N6,A,1693,1487,0.06915002246456725,0.06992053416090657,0.015986256444899864,1.0120182898662093
N6,C,520,435,0.021239227218886575,0.020454224855409788,-0.054329803326881226,0.9624458061895962
N6,D,1193,1001,0.048727688600253234,0.0470682277707246,-0.049987212837326926,0.9643364650324332
N6,E,1551,1321,0.06335007964710207,0.06211501387125594,-0.02840395478720147,0.9792646748033588
N6,F,975,864,0.039823551035412325,0.04062632247143462,0.028792189893567386,1.0210757701958577
N6,G,1402,1184,0.057264224155536496,0.05567310857196596,-0.040652736175483935,0.9706369579021844
N6,H,653,564,0.0266715680267941,0.026519960502186486,-0.00822370774057149,0.9942777898366061
N6,I,1157,1081,0.04725728056202263,0.050829924295857434,0.10513932513030164,1.0796775682313184
N6,K,1371,1117,0.05599803945594903,0.05252268773216721,-0.09243386841125913,0.9345721115394842
N6,L,2988,2575,0.12204386717314054,0.12107960690271312,-0.011443809496201267,0.99103377623675315
N6,M,597,616,0.02438426663399093,0.02896506324352283,0.24835387509102197,1.1934276305012745
N6,N,951,879,0.038843279009925256,0.04133164056989702,0.08957940044177413,1.0668659219000913
N6,P,1336,1116,0.05456847608544704,0.052475666525603044,-0.05641811407263903,0.9595916896586546
N6,Q,1083,963,0.044234775150104155,0.0452814219212865,0.03373751858601673,1.0248389929225101
N6,R,1369,1069,0.05591635012049177,0.05026566981708751,-0.15369388095063746,0.8936843178658822
N6,S,1858,1551,0.07588939263979087,0.07292989138101284,-0.05738723171514017,0.9579825025930347
N6,T,1215,1083,0.049626271290283054,0.05092396670898575,0.03724000050286528,1.0276005881938215
N6,V,1580,1481,0.06453457501123229,0.06963840692152161,0.10980925600652655,1.0850257133943122
N6,W,289,253,0.0118041089735735,0.01189636526073259,0.011230756654052211,1.0081542512528667
N6,Y,702,627,0.028672956745496875,0.029482296515728593,0.0401568434912935,1.0291683739281539
N5,A,1749,1593,0.07134116495349975,0.07476767107856942,0.06767889455853235,1.051936995459384
N5,C,504,380,0.020558002936857563,0.01783535154416596,-0.20494975919333194,0.8654346326162998
N5,D,1271,1047,0.05184369391417849,0.04914108701774148,-0.07723721395076463,0.9452525036996136
N5,E,1887,1683,0.07697014194811552,0.0789918332863982,0.037404117731133286,1.0285482013473168
N5,F,944,780,0.03850546581824115,0.036609405801182764,-0.07284695146101033,0.9489901090685533
N5,G,1456,1239,0.05938978626203296,0.05815263306110954,-0.030369807561331393,0.977938378330156
N5,H,652,545,0.02659487681514113,0.025579648925185394,-0.05614973792972282,0.9609656209553067
N5,I,1129,902,0.04605155816609561,0.04233549234957289,-0.1213795540177733,0.9158383360977528
N5,K,1451,1336,0.05918583782019905,0.06270534121843613,0.08333496399241555,1.0634715054170971
N5,L,2502,2230,0.10205580029368576,0.10466535248286868,0.03642541190558359,1.0285804620771728
N5,M,573,513,0.023372491434165442,0.02407772458462405,0.04288572268699769,1.0310199378456595
N5,N,958,822,0.03907652145537608,0.03858068149816953,-0.01842294386096018,0.9868838829537043
N5,P,1443,1041,0.05885952031326481,0.048859476203886226,-0.2686323709566628,0.8214831126836277
N5,Q,1254,1183,0.05115026921194322,0.0555242654651272,0.11837434740354547,1.090562260702577
N5,R,1302,1194,0.053108174253548704,0.05604055195719516,0.07753581039048726,1.0585264127287846
N5,S,1793,1583,0.07313591124163811,0.074298319722144,0.02274930236555245,1.0172036899118322
N5,T,1273,1146,0.05192527329091206,0.05378766544635314,0.05083750656581854,1.0379473765045717
N5,V,1478,1285,0.06028715940610214,0.06031164930066648,5.859239304340899e-4,1.0004798358842366
N5,W,257,222,0.010482949910262685,0.010419600112644326,-0.008744002481823812,0.9941944192657975
N5,Y,640,582,0.026105400554739762,0.027316248943959447,0.06540864212503505,1.0477638226592205
N4,A,1801,1725,0.07337543287838663,0.0808682199615583,0.140273924630418,1.1111099007867387
N4,C,406,408,0.01654104705642697,0.01912709202569031,0.2095551988595932,1.1593790488051845
N4,D,1358,1032,0.055326950499083316,0.04838029159439314,-0.1935591990998578,0.8681584639185358
N4,E,2012,1795,0.08197188836830312,0.08414982888753457,0.037830649108300383,1.0290379991075789
N4,F,914,741,0.03723772662456712,0.03473817448783461,-0.10024026941363685,0.9305759878090359
N4,G,1546,1141,0.0629863515991037,0.05349022549341334,-0.23575989568716177,0.8408089235194808
N4,H,611,550,0.024893053575066205,0.025784070132670762,0.0507348016168595,1.0368318502353724
N4,I,1107,978,0.04510083520065186,0.04584876470864001,0.02372819207204599,1.0174376584611906
N4,K,1551,1302,0.06319005907516806,0.06103792602315878,-0.04999086717220881,0.9637842271595577
N4,L,2509,2162,0.10222041148910165,0.10135483568515306,-0.012268261432434943,0.9906055312668481
N4,M,504,509,0.020533713587288654,0.02386198490459894,0.2167096888876113,1.1660353254852085
N4,N,930,862,0.03788959054797311,0.04041066991702218,0.09293234342141583,1.0693814268352415
N4,P,1377,959,0.056101038908127926,0.044958042285875015,-0.319441899734694,0.7921491530587633
N4,Q,1119,1185,0.04558973314320636,0.055552951104027005,0.2851489131892944,1.2313606206577907
N4,R,1305,1157,0.05316765125280098,0.05424030753363649,0.028816086754517262,1.0213787329069761
N4,S,1919,1534,0.0781829293135058,0.07191411560639445,-0.12057705445406643,0.9136625091226317
N4,T,1226,1173,0.04994907313098391,0.05499038957385964,0.13871895218452657,1.106818890379353
N4,V,1476,1317,0.06013444693420249,0.06174112793586799,0.03803956560031092,1.0285149514485505
N4,W,231,226,0.009411285394173966,0.010594908818151985,0.17089036298230592,1.127163479287154
N4,Y,643,575,0.026196781421878184,0.02695607332051943,0.04121923303568822,1.0298784715232574
N3,A,1727,1580,0.07028897028897028,0.07394580427762437,0.07316895532904785,1.0562048611650743
N3,C,441,431,0.017948717948717947,0.02017129217952918,0.1684138522763916,1.1264043874890095
N3,D,1211,1070,0.04928774928774929,0.05007722188421398,0.022924964955112856,1.0169140453419439
N3,E,1696,1615,0.06902726902726902,0.0755838442457996,0.13090967683589833,1.1027641466328844
N3,F,1042,800,0.04240944240944241,0.03744091355829082,-0.1797653634768834,0.8784114888713801
N3,G,1484,934,0.0603988603988604,0.043712266579304535,-0.4664740240590335,0.7112371595581566
N3,H,590,576,0.024013024013024013,0.02695745776196939,0.16686079004507204,1.1260348222074974
N3,I,1260,988,0.05128205128205128,0.04623952824448917,-0.1493242241385364,0.8969988537317958
N3,K,1296,1258,0.05274725274725275,0.058875836570412315,0.15857685178839098,1.1234656184884861
N3,L,2802,2522,0.11404151404151404,0.11803247999251182,0.049624386962884334,1.039696048512801
N3,M,596,541,0.024257224257224257,0.02531941779379417,0.06182726320153204,1.045012007861462
N3,N,903,903,0.03675213675213675,0.04226143117892076,0.20150837760644857,1.1565149405067312
N3,P,1458,690,0.05934065934065934,0.03229278794402583,-0.877788594965069,0.5291833169219233
N3,Q,1132,1108,0.04607244607244607,0.051855665278232786,0.17059392583759178,1.1323966566906964
N3,R,1267,1334,0.05156695156695157,0.062432723358449946,0.2758507678097225,1.2247147074015916
N3,S,1847,1513,0.07517297517297518,0.07081012776711752,-0.08625720150936655,0.9375927668102088
N3,T,1233,1253,0.050183150183150185,0.058641830860673,0.22472296301855693,1.1790447096130632
N3,V,1645,1440,0.06695156695156695,0.06739364440492349,0.00949458116988149,1.0071203570249967
N3,W,260,189,0.010582010582010581,0.008845415828146207,-0.2585851305836045,0.8350263506017332
N3,Y,680,622,0.027676027676027677,0.029110310291571115,0.07289076051680397,1.0534466802118554
N2,A,1629,1701,0.06618453662698574,0.07943772474664923,0.26332648039428425,1.2175055312414205
N2,C,496,517,0.020151952220371347,0.024144211460327837,0.26074590282190074,1.202956261991286
N2,D,1121,1037,0.04554503717547637,0.04842852472796899,0.08856130995084256,1.0665678149626856
N2,E,1531,1484,0.062202900906025274,0.06930369401765282,0.15594801272589193,1.122663600422308
N2,F,938,704,0.03810994190062162,0.0328772241161911,-0.2130728889506454,0.8581758057265856
N2,G,1376,1157,0.055905415837159224,0.05403259702050157,-0.04915713121124471,0.9646500216632333
N2,H,572,567,0.02323975135091212,0.02647924158221641,0.18825957364853443,1.143190970555517
N2,I,1403,874,0.057002397107219764,0.04081632653061224,-0.48186620773637134,0.7041124536313388
N2,K,1396,1337,0.05671799455572259,0.06243870545930043,0.13863177335962898,1.1075932535138666
N2,L,2901,2367,0.11786454312761549,0.11054032597020502,-0.09255619850963903,0.9301694318328898
N2,M,570,622,0.023158493479055783,0.02904777471629384,0.3268736112090665,1.2618146703962803
N2,N,931,994,0.03782553934912445,0.04642039882314482,0.29539120224968696,1.2382386922228954
N2,P,1515,594,0.06155283793117458,0.02774015784803624,-1.1498208092289497,0.4352205575488598
N2,Q,1237,1161,0.05025799374314387,0.05421939943025265,0.10945395455308107,1.0833651313779693
N2,R,1378,1302,0.05598667370901556,0.06080418437397842,0.11908509879706887,1.0916376871772655
N2,S,1693,1706,0.06878478852638849,0.07967122775883809,0.21196638746589838,1.1719623062727884
N2,T,1206,1126,0.04899849672937066,0.05258487834493065,0.10190849205049529,1.0772843952925963
N2,V,1743,1398,0.07081623532279689,0.06528744220800449,-0.11727290362361745,0.9165364364842655
N2,W,297,179,0.012066793970665908,0.008359407836361089,-0.5295167446636755,0.6909339110623647
N2,Y,680,586,0.02762767643115427,0.02736655302853407,-0.013700003533394576,0.9903961823491327
N1,A,1667,1965,0.06768443704575906,0.09158704264740154,0.43631379624056543,1.3886838807834994
N1,C,429,478,0.017418490397498883,0.022279189000233048,0.3550590520436959,1.285255239794175
N1,D,1270,1317,0.051565227983271754,0.061384292705663014,0.2514665241453478,1.202852507307791
N1,E,1973,1810,0.08010881481180722,0.0843626194360289,0.07464198403721349,1.058013312567746
N1,F,830,640,0.033700109626862644,0.029829876485667678,-0.17598972637384971,0.8817804850102802
N1,G,1432,1405,0.058142839741767836,0.06548590072244233,0.17158000641981458,1.1351472349072518
N1,H,646,574,0.026229241950546104,0.026753670473083198,0.028559644695472838,1.0206395018892653
N1,I,1054,688,0.042795078971943644,0.03206711722209275,-0.41633896823501476,0.741197683970108
N1,K,1518,1308,0.06163465832961143,0.060964810067583315,-0.015764841881768785,0.9884754773845817
N1,L,2301,2019,0.09342644849567583,0.09410393847587975,0.0104239667896009,1.0080321051267964
N1,M,498,473,0.020220065776117586,0.022046143090188767,0.12473268252764082,1.0924005425068246
N1,N,1004,903,0.04076495188598806,0.042088091353996736,0.04608166182405375,1.0339381674327828
N1,P,1513,551,0.06143164562101588,0.025681659286879516,-1.258210922168232,0.4029446431801651
N1,Q,1543,1140,0.06264972187258923,0.05313446749009555,-0.2376559629184612,0.8396904956478701
N1,R,1381,1376,0.05607211011409314,0.0641342344441855,0.19380806700075387,1.1536322001693646
N1,S,1966,1922,0.07982459701977344,0.08958284782102074,0.1663871965862734,1.134277483789169
N1,T,1188,1051,0.0482358195623046,0.04898625029130739,0.022271525839540212,1.0164114111406852
N1,V,1518,1118,0.06163465832961143,0.052109065485900725,-0.24220317293193788,0.8370506915426802
N1,W,274,186,0.011125096431036582,0.008669307853647168,-0.35979238999934865,0.7779940156490276
N1,Y,624,531,0.02533598603272565,0.0247494756467024,-0.033788667840043154,0.9763971276426144
P1,A,2659,2467,0.10787455880563106,0.11488846458343036,0.09087847553204435,1.0734705164910112
P1,C,38,6,0.0015416446914682136,2.794206678153961e-4,-2.4597412232867306,0.19355715903986545
P1,D,53,24,0.002150188648626719,0.0011176826712615843,-0.9433331922142227,0.5251319497894751
P1,E,227,163,0.009209298551665381,0.00759092814231826,-0.27878158470939285,0.8236312853051081
P1,F,2502,1888,0.1015051320540387,0.08792437013924463,-0.20721547593925765,0.8533613128083527
P1,G,1598,1385,0.06483021623595278,0.06449960415405392,-0.0073759643765749965,0.99459339560387106
P1,H,575,621,0.02332751835774271,0.028920039118893494,0.3100247068548379,1.2467947108121866
P1,I,1447,1215,0.058704207067223825,0.056582685232617703,-0.053102333059945314,0.9617537456185367
P1,K,2649,2464,0.10746886283419206,0.11474875424952266,0.09455891421788873,1.0765315338973374
P1,L,1751,1527,0.07103736459896953,0.0711125599590183,0.0015263104385840973,1.0011782588936395
P1,M,618,313,0.025072011034930425,0.014576444837703163,-0.7823973973133702,0.5756424266113952
P1,N,595,531,0.024138910300620715,0.02472872910166255,0.03482612069590567,1.025154477690554
P1,P,25,15,0.0010142399285975091,6.985516695384902e-4,-0.5373181902435404,0.6975246794199657
P1,Q,879,792,0.035660675889488416,0.03688352815163228,0.048641277221360496,1.0356659779909752
P1,R,1725,1430,0.06998255507322812,0.0665952591626694,-0.07157481278945838,0.9481983828031174
P1,S,2528,2402,0.10255994157978011,0.11186140734876357,0.12524387140719592,1.102123234499591
P1,T,1206,1193,0.04892693415554383,0.055558142783961255,0.18336596998940677,1.1435071628491633
P1,V,1602,1416,0.06499249462452839,0.06594327760443347,0.0209521511759069,1.0157002595696498
P1,W,111,90,0.00450322528297294,0.004191310017230941,-0.1035335802336184,0.9314143663637389
P1,Y,1861,1531,0.07550002028479857,0.07129884040422857,-0.08259729308208652,0.9401347366830322
P2,A,237,371,0.009614994523104386,0.01727751129325199,0.8454709416091353,1.8095623491853672
P2,C,0,5,0,2.3285055651283006e-4,7.869443051832176,12.629876330437616
P2,D,1,0,4.056959714390036e-5,0,-5.377456861581585,0.38261888684502604
P2,E,4,7,1.6227838857560143e-4,3.259907791179621e-4,1.001916104103559,1.9134853531471518
P2,F,31,164,0.0012576575114609113,0.007637498253620826,2.6014032588044533,6.033143798670911
P2,G,9,21,3.651263742951032e-4,9.779723373538863e-4,1.418926391002068,2.599479879047345
P2,H,0,2,0,9.314022260513202e-5,6.556739359333059,5.740050764967515
P2,I,2166,1777,0.08787374741368818,0.0827550877846598,-0.08658319254859878,0.9365387994995767
P2,K,1,0,4.056959714390036e-5,0,-5.377456861581585,0.38261888684502604
P2,L,16452,14674,0.6674510122114488,0.6833698132538537,0.034004516520340006,1.0753153871055103
P2,M,2230,1417,0.0904702016308978,0.06598984771573604,-0.45519268267083235,0.7103814541673639
P2,N,1,2,4.056959714390036e-5,9.314022260513202e-5,1.1792824977514733,1.9132726327146838
P2,P,3,5,1.2170879143170108e-4,2.3285055651283006e-4,0.9303482479339018,1.8040484563762855
P2,Q,912,922,0.03699947259523713,0.04293764262096587,0.21473288740944632,1.1676829908425843
P2,S,116,98,0.004706073268692442,0.004563870907651469,-0.04425624763333345,0.970406133611512
P2,T,449,465,0.01821574911761126,0.021655101755693195,0.24950804650176725,1.1929418737577033
P2,V,2033,1506,0.08247799099354944,0.07013458762166441,-0.23388001316359652,0.8391250054759195
P2,W,0,7,0,3.259907791179621e-4,8.353106143209542,17.224163231080986
P2,Y,4,30,1.6227838857560143e-4,0.0013971033390769805,3.0980652452279456,7.789853439141101
P3,A,2488,2268,0.1009371576940241,0.10562101243421972,0.0654388745322178,1.0519005268079982
P3,C,77,74,0.003123858980080328,0.003446188236389885,0.1416289956295903,1.1038251572052105
P3,D,2682,2185,0.10880765953994077,0.10175569319610674,-0.09666968507882791,0.9278830895597362
P3,E,640,420,0.02596454217209623,0.019559446747077727,-0.40865902903228757,0.7486962835304511
P3,F,1610,1214,0.06531705140167958,0.05653611512131514,-0.2082834827102338,0.85759278177813
P3,G,972,690,0.03943364842387115,0.03213337679877055,-0.29534628691788956,0.808893289200209
P3,H,450,665,0.018256318714755162,0.030969124016206398,0.7624022546595158,1.7179830811157084
P3,I,1667,1481,0.0676295184388819,0.06897033483910027,0.028322475147771895,1.021329737782103
P3,K,634,422,0.025721124589232827,0.019652586969682858,-0.3882171686189064,0.7596327382581053
P3,L,3341,3405,0.1355430240577711,0.15857122898523726,0.22637862339703457,1.2019051552657993
P3,M,948,899,0.038459978092417545,0.041866530061006844,0.12243635803826712,1.092472150753732
P3,N,1093,820,0.044342569678283095,0.03818749126810413,-0.21558698870251378,0.8558091055156838
P3,P,1359,706,0.05513408251856059,0.03287849857961161,-0.7457823018134132,0.5828107411549958
P3,Q,970,1174,0.03935250922958335,0.0546733106692125,0.47437083655137907,1.4117073257642232
P3,R,205,185,0.008316767414499575,0.008615470590974712,0.05090070103044834,1.0364973218408875
P3,S,1662,1520,0.0674266704531624,0.07078656917990034,0.07015527953588636,1.0536525617549524
P3,T,763,848,0.030954602620795975,0.03949145438457598,0.35137648659528203,1.2870364262725817
P3,V,1188,918,0.04819668140695363,0.0427513621757556,-0.17295961123732995,0.8820794502528208
P3,W,489,614,0.019838533003367277,0.02859404833977553,0.527387277439483,1.4540227933368397
P3,Y,1411,965,0.05724370157004341,0.044940157406976204,-0.3491048871340393,0.7750783219395713
P4,A,1379,1169,0.0559454744614386,0.05444046011269967,-0.039341460545592705,0.9716099121573571
P4,C,30,27,0.001217087914317011,0.0012573930051692824,0.04696429448604124,1.0350364784960517
P4,D,4070,3340,0.16511826037567448,0.15554417175057048,-0.08617480044270663,0.931358536052712
P4,E,5061,4286,0.20532273114527974,0.19959949704279792,-0.040785069308956035,0.9651883175127747
P4,F,268,195,0.010872652034565297,0.009081171704000373,-0.25972734944585685,0.834299306934562
P4,G,1917,1715,0.07777191772485699,0.07986774088390071,0.03836310616564251,1.0293156553783283
P4,H,455,642,0.018459166700474663,0.02989801145624738,0.6956822047535036,1.6382525745690428
P4,I,254,259,0.010304677674550691,0.012061658827364598,0.22710856240360283,1.1725368454435448
P4,K,1215,1379,0.049292060529838935,0.06422018348623854,0.38166469321096946,1.323564862319248
P4,L,631,453,0.025599415797801128,0.021096260420062404,-0.27911157217478627,0.8205532611408652
P4,M,130,66,0.005274047628707047,0.0030736273459693567,-0.7787725579611204,0.5836557800355534
P4,N,1084,1035,0.04397744330398799,0.048200065198155825,0.13226849069576424,1.1009007975020881
P4,P,3143,1993,0.12751024382327883,0.09281423182601406,-0.4581909788963448,0.7001198871725355
P4,Q,1004,1015,0.04073187553247596,0.047268662972104504,0.21472091364385987,1.1684353833951486
P4,R,601,630,0.024382327883484118,0.029339170120616587,0.2669821949017629,1.2093912036262962
P4,S,1733,1766,0.07030711185037933,0.08224281656033158,0.2262160640728797,1.184967801925485
P4,T,883,830,0.03582295427806402,0.03865319238112979,0.10970030337822104,1.082218567779762
P4,V,434,406,0.017607205160452756,0.0189074651888418,0.10278440376707974,1.0753533869638974
P4,W,97,100,0.003935250922958335,0.0046570111302566015,0.24289189621499963,1.1840812940539238
P4,Y,260,167,0.010548095257414094,0.007777208587528524,-0.4396094425474959,0.7360339831234762
P5,A,1572,1280,0.06377540671021137,0.059609742467284496,-0.09745047300548067,0.9306065170823632
P5,C,89,65,0.0036106941458071322,0.003027057234666791,-0.25428324960437043,0.839593812461322
P5,D,1322,973,0.053633007424236274,0.045312718297396734,-0.24320017403079097,0.8376141777905827
P5,E,1959,1625,0.0794758408049008,0.07567643086666977,-0.07067141455580779,0.9483269229583782
P5,F,1117,964,0.045316240009736705,0.04489358729567364,-0.013518480987079962,0.9903020878685946
P5,G,1633,1300,0.0662501521359893,0.06054114469333582,-0.13000576061451657,0.9083416922931858
P5,H,749,1091,0.03038662826078137,0.05080799143109952,0.7415997490010384,1.7076609149547919
P5,I,1950,1372,0.0791107144306057,0.06389419270712057,-0.3081839459415817,0.7946103606228639
P5,K,1441,1948,0.05846078948436042,0.09071857681739859,0.6339199205590607,1.6066847507585733
P5,L,2731,1895,0.11079556979999189,0.0882503609183626,-0.32822278567244045,0.7768801021711969
P5,M,419,272,0.01699866120329425,0.012667070274297955,-0.4243092186483238,0.7423869502115704
P5,N,852,893,0.03456529676660311,0.04158710939319145,0.2668050512996949,1.211924549767058
P5,P,1510,564,0.06126009168728955,0.02626554277464723,-1.221744752153295,0.4135742961072947
P5,Q,945,1051,0.03833826930098584,0.04894518697899688,0.35237363364449864,1.2908317478098026
P5,R,852,1125,0.03456529676660311,0.05239137521538677,0.5999908183987613,1.5440097791582843
P5,S,1205,1268,0.04888636455839993,0.059050901131653705,0.2725218728525373,1.2209408653747613
P5,T,1023,1148,0.04150269787821007,0.053462487775345784,0.3653140743540662,1.3043715124045463
P5,V,2190,1733,0.0888474177451418,0.0807060028873469,-0.1386522237605231,0.9003731253692303
P5,W,227,178,0.009209298551665381,0.0082894798118567509,-0.15179232183738348,0.8998271574167891
P5,Y,863,728,0.035011562335186014,0.033903041028268056,-0.04641540815661064,0.9673282059188173
P6,A,1115,815,0.0452351008154489,0.0379546407115913,-0.2531602745206907,0.8328380952695044
P6,C,76,113,0.0030832893829364273,0.005262422577189959,0.7710630949339655,1.7068290640304404
P6,D,772,495,0.03131972899509108,0.023052205094770177,-0.44215044901240597,0.7300617452927805
P6,E,1030,948,0.04178668505821737,0.04414846551483258,0.07931813344771609,1.059171517764243
P6,F,1144,661,0.04641161913262201,0.030782843570996133,-0.5923437400744463,0.6527686585668238
P6,G,818,454,0.033185930463710496,0.02114283053136497,-0.6503784304903782,0.6295702554931866
P6,H,488,348,0.019797963406223376,0.016206398733292972,-0.2887723398635493,0.8159341501234992
P6,I,2912,2890,0.11813866688303785,0.1345876216644158,0.1880629982466166,1.160884794312551
P6,K,766,538,0.031076311412227678,0.025054719880780514,-0.3107217087226202,0.8014716807250822
P6,L,4558,4297,0.18491622378189784,0.20011176826712615,0.11393361362333047,1.1027361558781628
P6,M,645,315,0.02616739015781573,0.014669585060308294,-0.8348987679878055,0.5545119444189147
P6,N,843,918,0.03420017039230801,0.0427513621757556,0.3219584385654965,1.261135001417433
P6,P,2020,1412,0.08195058623067873,0.06575699715922322,-0.31760551553291483,0.7885716467642746
P6,Q,871,845,0.035336119112337215,0.03935174405066828,0.15527980998712354,1.1183121052035592
P6,R,395,398,0.016024990871840644,0.01853490429842127,0.20990894057523124,1.1595681482393039
P6,S,1258,1125,0.05103655320702665,0.05239137521538677,0.03779770179211077,1.0280587910994583
P6,T,1373,1307,0.0557020568785752,0.06086713547245378,0.12793067138946593,1.0987532703602536
P6,V,2964,3174,0.12024828593452067,0.14781353327434452,0.297759796697685,1.268978000927955
P6,W,103,62,0.004178668505821737,0.002887346900759093,-0.5331444996395082,0.6922805828869109
P6,Y,498,358,0.02020365937766238,0.016672099846318632,-0.2771656761990271,0.8225583905228507
P7,A,1825,1576,0.07403951478761817,0.07339449541284404,-0.012623404404812352,0.9906378034592445
P7,C,82,74,0.0033267069657998295,0.003446188236389885,0.05089168339858273,1.0367156695108282
P7,D,881,443,0.03574181508377622,0.020630559307036743,-0.7928004022915702,0.5686217717203343
P7,E,2112,1670,0.08568298916791756,0.07777208587528524,-0.13975466576430431,0.8999399872982826
P7,F,1299,1168,0.05269990668992657,0.054393890001397105,0.0456433444404691,1.034034262841332
P7,G,248,89,0.01006126009168729,0.0041447399059283754,-1.2792528732714905,0.4109737336314175
P7,H,1142,1590,0.04633047993833421,0.07404647697107997,0.6764578129844891,1.6458531228872073
P7,I,1536,1509,0.06231490121303095,0.07027429795557211,0.17341732119244338,1.1373858709851052
P7,K,689,734,0.02795245243214735,0.03418246169608345,0.2902720272365693,1.2307082848794189
P7,L,2513,1837,0.1019513976226216,0.08554929446281377,-0.2530509781568841,0.8241254615649171
P7,M,624,314,0.025315428617793824,0.014623014949005728,-0.7917344482287467,0.5718146009517745
P7,N,954,720,0.038703395675280944,0.033530480137847526,-0.20698125558100056,0.8618517747225808
P7,P,2553,2106,0.10357418150837762,0.09807665440320402,-0.07868196706623778,0.9411861445813433
P7,Q,1565,1270,0.06349141953020407,0.05914404135425884,-0.10232713640913586,0.9272897469778065
P7,R,546,611,0.022151000040569597,0.028454338005867833,0.3612623551218701,1.2927663978572725
P7,S,1258,912,0.05103655320702665,0.0424719415079402,-0.2650151389737175,0.8248651044840227
P7,T,1380,1280,0.0559860440585825,0.059609742467284496,0.09047933030194912,1.068854585238057
P7,V,2109,2196,0.08556128037648586,0.10226796442043497,0.2573215582584536,1.2174875015787958
P7,W,393,414,0.015943851677552842,0.019280026079262328,0.2740911521876312,1.2132767589910514
P7,Y,940,960,0.03813542131526634,0.044707306850463376,0.2293734416699693,1.1803782514457
P8,A,2156,1671,0.08746805144224917,0.07781865598658781,-0.1686380459394369,0.8804281779441917
P8,C,102,71,0.004138098908677837,0.003306477902482187,-0.3235852061112441,0.800064387280948
P8,D,377,238,0.015294738123250436,0.011083686490010711,-0.46456176160628204,0.7221433994462291
P8,E,2994,2434,0.12146537384883768,0.11335165091044568,-0.09973884961515977,0.9246942091384034
P8,F,942,759,0.03821656050955414,0.0353467144786476,-0.11261875571665242,0.922269239124582
P8,G,1141,1114,0.04628991034119031,0.05187910399105854,0.1644524369467438,1.1273583034830654
P8,H,878,891,0.035620106292344515,0.041493969170586315,0.22020411220806063,1.1720281546680313
P8,I,474,232,0.019229989046208772,0.010804265822195316,-0.8316983975030839,0.5576696680035679
P8,K,1600,2012,0.06491135543024058,0.09369906394076281,0.5295569251636312,1.4892424563872104
P8,L,2085,1499,0.08458761004503225,0.06980859684254645,-0.27703803607411165,0.8122431801817998
P8,M,495,233,0.02008195058623068,0.010850835933497881,-0.8880321044430317,0.5358910973697958
P8,N,1094,998,0.044383139275426996,0.046476971079960884,0.0665028717242872,1.0495185395722857
P8,P,712,284,0.028885553166457058,0.013225911609928748,-1.1269218254286995,0.4510819865681571
P8,Q,1813,1749,0.07355267962189135,0.08145112466818796,0.14715481570806946,1.1169144949624277
P8,R,1405,1428,0.05700028398718001,0.06650211894006426,0.22242758618747882,1.1785627487576047
P8,S,2443,2018,0.09911152582254858,0.09397848460857822,-0.07672154056507242,0.9428750158085597
P8,T,1798,1976,0.07294413566473285,0.09202253993387044,0.3351911792161598,1.2880186766457766
P8,V,942,774,0.03821656050955414,0.036045266148186095,-0.08438586596427616,0.9411654313463536
P8,W,98,63,0.003975820520102235,0.002933917012061659,-0.43829574245644476,0.7392455454692339
P8,Y,1100,1029,0.044626556858290395,0.04792064453034043,0.10274258982616093,1.0775600977942643
P9,A,2170,2057,0.08803602580226379,0.09579471894937829,0.12185077748188554,1.097477824775323
P9,C,46,138,0.0018662014686194165,0.00642667535975411,1.7834194642942864,3.4347164337896126
P9,E,2,0,8.113919428780072e-5,0,-6.359998890722771,0.22956201830162762
P9,F,164,177,0.006653413931599659,0.008242909700554184,0.3090170919331556,1.240604057761107
P9,G,3,1,1.2170879143170108e-4,4.657011130256601e-5,-1.3671113081488007,0.49192156080035926
P9,H,1,1,4.056959714390036e-5,4.657011130256601e-5,0.19452663416788893,1.1479101175922692
P9,I,2940,2058,0.11927461560306706,0.09584128906068086,-0.31556486192300215,0.7827641543720749
P9,K,2,3,8.113919428780072e-5,1.3971033390769804e-4,0.7765855844844052,1.6071586595561353
P9,L,9481,8063,0.38464035052131934,0.3754948074325898,-0.03471706710651097,0.9619316321801025
P9,M,718,279,0.02912897074932046,0.012993061053415918,-1.1646518638991186,0.43923990075483565
P9,P,25,8,0.0010142399285975091,3.725608904205281e-4,-1.4424053889138109,0.3823887944220571
P9,Q,0,3,0,1.3971033390769804e-4,7.136584475207177,8.036445355254884
P9,R,3,1,1.2170879143170108e-4,4.657011130256601e-5,-1.3671113081488007,0.49192156080035926
P9,S,57,45,0.0023124670372023206,0.0020956550086154704,-0.14196704863237644,0.9081434619274817
P9,T,289,176,0.011724613574587204,0.008196339589251618,-0.5164357472193546,0.6973546685545527
P9,V,8732,8431,0.354253722260538,0.39263260839193403,0.14839658436558403,1.1783661630333697
P9,W,1,6,4.056959714390036e-5,2.794206678153961e-4,2.7539920122632817,4.975435736190366
P9,Y,15,26,6.085439571585055e-4,0.0012108228938667164,0.9913766970424487,1.9637276319895922
C1,A,1555,1980,0.06314207983107971,0.09264891675635206,0.5531650495846453,1.5149143567353678
C1,C,489,501,0.019856255329516386,0.023442983482289084,0.2395514986930031,1.1849381071889913
C1,D,1302,842,0.05286880253380436,0.03939918581254972,-0.42424150483748185,0.7349279551325865
C1,E,1677,1247,0.06809599220367889,0.05835010060362173,-0.2228312088815885,0.8480961232423544
C1,F,1067,610,0.04332643034068299,0.028543353142108464,-0.6020753068518634,0.6489983007075845
C1,G,1355,1259,0.05502091200714663,0.05891160919002386,0.0985701761029815,1.075166271243987
C1,H,599,714,0.02432289763267958,0.033409760890926954,0.4579384156783467,1.3863150713456098
C1,I,1303,583,0.05290940837292402,0.027279958822703662,-0.9556572022549464,0.5022489225351507
C1,K,1380,1761,0.05603605798513826,0.08240138505451312,0.5563048808932652,1.5126338890678286
C1,L,2941,2002,0.11942177285093597,0.09367834916475598,-0.3502750139381252,0.7622101513075797
C1,M,498,449,0.020221707881593373,0.021009779607879836,0.055153503008753046,1.039918440948368
C1,N,917,875,0.037235554472733176,0.04094333442515558,0.136944250802066,1.103852595023368
C1,P,1496,797,0.06074633532301945,0.03729352861354172,-0.7038571345593005,0.5991402233131935
C1,Q,1195,1293,0.048523977748000165,0.06050255018482991,0.318292246952067,1.2627117255695692
C1,R,1323,1538,0.053721525155317335,0.07196668382387347,0.42182210973353984,1.365884522842311
C1,S,1671,1907,0.0678523571689609,0.08923307285573909,0.3951744920631001,1.3459241594531142
C1,T,1299,1162,0.05274698501644536,0.05437274811660662,0.04379429645837873,1.032637575037496
C1,V,1590,1220,0.064563284200268,0.05708670628421693,-0.1775562149166865,0.8772675792565751
C1,W,289,155,0.011735087505583303,0.0072528192410275605,-0.694138832917857,0.6161719051800324
C1,Y,681,476,0.027652576440492144,0.022273173927284638,-0.31209414832777743,0.801283727976408
C2,A,1784,1634,0.07252032520325204,0.07651603839850152,0.07737574696474,1.0596866280296928
C2,C,429,413,0.017439024390243904,0.019339733083586982,0.1492404214441887,1.1111876954513877
C2,D,1375,1171,0.05589430894308943,0.054834933270896745,-0.027605626568352155,0.9800060904891742
C2,E,1933,1623,0.07857723577235773,0.07600093654881761,-0.04809359770754323,0.9645608474688498
C2,F,797,617,0.03239837398373984,0.028892531023179582,-0.16521941414450586,0.8887298115819448
C2,G,1458,1559,0.059268292682926826,0.07300398033247484,0.3007100461253799,1.2499734940143143
C2,H,651,493,0.02646341463414634,0.023085928354015454,-0.1969775037147064,0.8695665760950786
C2,I,1006,841,0.04089430894308943,0.039381877780379305,-0.054366827150789984,0.9615905423153315
C2,K,1572,1570,0.06390243902439025,0.07351908218215875,0.20224480603188225,1.1624275843316227
C2,L,2187,1994,0.08890243902439024,0.09337391711542964,0.0707958298261265,1.0554961606428073
C2,M,491,493,0.019959349593495934,0.023085928354015454,0.20993925083768533,1.1603406014895525
C2,N,1032,933,0.041951219512195125,0.04369000234137205,0.05858906439235007,1.0433915140715342
C2,P,1479,879,0.06012195121951219,0.041161320533832826,-0.5465915109666689,0.6712451394693447
C2,Q,1346,1203,0.05471544715447155,0.05633341137906813,0.042041892864746855,1.0313778806817107
C2,R,1366,1369,0.055528455284552844,0.06410676656520721,0.20724590399347875,1.165061855830622
C2,S,1981,1667,0.08052845528455285,0.07806134394755326,-0.04488979211528196,0.9668122324917888
C2,T,1301,1115,0.05288617886178862,0.05221259658159681,-0.018492482409316068,0.9866219353837525
C2,V,1489,1111,0.06052845528455285,0.05202528681807539,-0.21839662401635035,0.8519027845316087
C2,W,257,224,0.010447154471544715,0.01048934675719972,0.0058142350305732705,1.0043655436403895
C2,Y,666,446,0.027073170731707317,0.020885038632638728,-0.37437826105119354,0.7668351663108872
C3,A,1686,1672,0.06863423570120089,0.07844977243935626,0.19283824030375185,1.1551853137063846
C3,C,489,416,0.019906370852839406,0.01951860366912213,-0.02837893794444275,0.9803052522642927
C3,D,1238,1176,0.05039690616731121,0.0551775911415568,0.1307448245355359,1.10042022861098
C3,E,1843,1700,0.07502544270303277,0.07976352460939333,0.08834809228231598,1.0686475800389033
C3,F,907,770,0.03692245064115612,0.03612818467601933,-0.03137268681750598,0.977774662258363
C3,G,1461,1350,0.05947486260940362,0.06334162248393,0.09087230748077765,1.069438116968531
C3,H,646,659,0.02629757785467128,0.030920095716229532,0.23360665817212442,1.1813638621958735
C3,I,1185,899,0.0482393649501323,0.04218082860226153,-0.19361918361829067,0.8689897550201636
C3,K,1431,1297,0.058253612863830656,0.06085487730493126,0.06302430805229843,1.0475819115314393
C3,L,2764,2245,0.11251780989212294,0.10533477220475766,-0.09517073727787942,0.9286804629356159
C3,M,527,434,0.021453287197231833,0.020363158635574533,-0.07523376014462144,0.9483192941124933
C3,N,978,872,0.03981274170567881,0.040913996152582933,0.03936325361264962,1.028901398660842
C3,P,1406,915,0.05723590474251985,0.042931544127997,-0.4148739885145962,0.7390087121289257
C3,Q,1235,1134,0.05027478119275392,0.053206962886501195,0.08177857621365349,1.0616354098132754
C3,R,1261,1120,0.05133319763891716,0.05255008680148266,0.033800364951063484,1.0250682847964374
C3,S,1804,1645,0.0734378180337879,0.07718293998967767,0.07175785127728375,1.0552871238956951
C3,T,1271,1076,0.05174028088744148,0.05048561910571013,-0.03541470037619159,0.9745277289909419
C3,V,1491,1166,0.06069611235497659,0.05470839393797213,-0.1498393085135327,0.8957207190999235
C3,W,249,220,0.010136372888255649,0.010322338478862665,0.02622577667051751,1.018803577715081
C3,Y,693,547,0.0282108691227356,0.025665087036081266,-0.13643888773282686,0.9075535370098857
C4,A,1649,1480,0.06722380758255198,0.06956848735545737,0.04946096911368271,1.0375189721248512
C4,C,534,417,0.021769262128006523,0.01960139136974711,-0.15132911371726407,0.898657949668936
C4,D,1294,1092,0.05275173257236038,0.05133026229199963,-0.03940808839682549,0.971661830294507
C4,E,1579,1401,0.06437015898899306,0.06585503431418634,0.0329011945606852,1.024731736877727
C4,F,906,728,0.036934366082348145,0.03422017486133308,-0.11011358645630376,0.9240309561636447
C4,G,1401,1294,0.057113738279657565,0.060825420701325565,0.09083503550346822,1.0692243613941717
C4,H,707,659,0.028821850794944967,0.03097677916705838,0.1040206834818362,1.0772091876048187
C4,I,1233,994,0.050264981655116184,0.046723700291435556,-0.10539695218925228,0.9261819139787025
C4,K,1341,1235,0.05466775377089279,0.05805208235404719,0.08665618142384374,1.0657530300504063
C4,L,2860,2374,0.11659192825112108,0.11159161417692959,-0.06323874223589303,0.9517565194274152
C4,M,558,449,0.022747655931512435,0.021105574880135376,-0.10808882757188569,0.9264551689877649
C4,N,1086,911,0.04427231960864248,0.04282222431136599,-0.04804412520382799,0.9658629173176053
C4,P,1303,1199,0.053118630248675094,0.05635987590486039,0.08544892824661368,1.0646952461018917
C4,Q,1192,1025,0.048593558907460255,0.04818087806712419,-0.01230415645018412,0.9911420749421409
C4,R,1252,1085,0.05103954341622503,0.05100122214910219,-0.001083583031710878,0.9992669456895912
C4,S,1859,1545,0.0757847533632287,0.07262386011093354,-0.061463188249549605,0.9550739563295371
C4,T,1246,1152,0.05079494496534855,0.054150606373977624,0.09229080371711573,1.0698764591545855
C4,V,1573,1375,0.06412556053811659,0.06463288521199587,0.011368686623322698,1.0085008674787184
C4,W,255,220,0.010395434162250305,0.010341261633919338,-0.0075370810683358155,0.995040919570443
C4,Y,702,639,0.0286180187525479,0.030036664473065713,0.06979843506639491,1.0511771899839883
C5,A,1671,1574,0.06820129790620791,0.07413687532381895,0.12039042227679028,1.094015367642916
C5,C,469,371,0.019142075833639444,0.017474447741510055,-0.13149323535970361,0.9115856054695093
C5,D,1336,1110,0.05452838659646545,0.05228204041260421,-0.06069088607318077,0.9566012084517719
C5,E,1850,1690,0.07550712215827926,0.07960058405162262,0.07616530161961928,1.058924887081189
C5,F,937,709,0.03824333700665279,0.03339456455183458,-0.19558963476357394,0.8689786137166524
C5,G,1529,1338,0.06240561609730215,0.06302105411897697,0.014157791928623079,1.0105689636148714
C5,H,613,567,0.025019386963797397,0.026706231454005934,0.09412632762725837,1.0693386835274927
C5,I,1103,974,0.04501857067058487,0.04587631293862748,0.027228595738332802,1.0200270184715692
C5,K,1422,1390,0.058038447410309786,0.0654703028590269,0.1738289047376737,1.1370265682422478
C5,L,2530,2007,0.10326109138402514,0.09453158117846545,-0.1274271696450265,0.9066796459305089
C5,M,519,433,0.021182808864944287,0.02039470585464651,-0.054696573529998696,0.962201409033093
C5,N,986,815,0.04024325537733154,0.03838726390655174,-0.06811754561181,0.9521377848623749
C5,P,1376,1238,0.056160973021509325,0.058310960388111725,0.054198205769428784,1.0406917209953024
C5,Q,1195,1121,0.04877351944818579,0.05280015072299939,0.11444171260539321,1.087186092738914
C5,R,1320,1211,0.0538753520264479,0.05703923508077811,0.0823277585229714,1.0623108757673327
C5,S,1912,1613,0.07803763111709726,0.07597381187885639,-0.038667274224221865,0.9714229183105649
C5,T,1317,1055,0.05375290804456961,0.049691488860628324,-0.11334184464348766,0.9205757200297506
C5,V,1466,1254,0.05983429247785805,0.05906457538505016,-0.018679132715285224,0.9863819179802645
C5,W,280,233,0.01142810497530713,0.010974518392916018,-0.05842334669972326,0.960211231453295
C5,Y,670,528,0.02734582261948492,0.02486929489896849,-0.13694960410689586,0.907306071932453
C6,A,1618,1576,0.06614881439084219,0.07437821511161452,0.16916241549264283,1.1344093702553468
C6,C,396,370,0.016189697465249387,0.017461890603615082,0.1091272500674899,1.080069165926175
C6,D,1334,1193,0.05453802125919869,0.05630279862192647,0.04594344890142359,1.034331541927668
C6,E,1945,1748,0.0795175797219951,0.0824956345273491,0.05304327620728623,1.040845400933375
C6,F,992,743,0.040556009811937854,0.035065364104016235,-0.20986343834883944,0.8598383530995464
C6,G,1382,1329,0.05650040883074407,0.06272122327622823,0.15068985792386436,1.1174821686871717
C6,H,622,575,0.02542927228127555,0.027136721883996413,0.09375270767167185,1.0690846434076067
C6,I,1084,896,0.04431725265739984,0.04228609184010571,-0.06768365412064441,0.9522330909622816
C6,K,1508,1438,0.06165167620605069,0.06786540185945537,0.1385340061719124,1.108139573880641
C6,L,2535,2028,0.1036385936222404,0.09571003822738214,-0.11481804020922894,0.9154431928962926
C6,M,453,427,0.018520032706459525,0.02015196564255038,0.12182761305307056,1.0899990507969655
C6,N,1015,804,0.041496320523303355,0.03794421633866629,-0.1291001647903478,0.9111381929169518
C6,P,1362,1126,0.05568274734260016,0.05314078059370428,-0.06740973506972373,0.9518571288452741
C6,Q,1259,1108,0.051471790678659035,0.05229128321298787,0.022788060608971934,1.0168512794285478
C6,R,1327,1129,0.05425183973834832,0.05328236349049035,-0.026013499223200717,0.9811858957163057
C6,S,1944,1578,0.0794766966475879,0.0744726037094719,-0.09382089234896211,0.9320231731783307
C6,T,1279,1147,0.05228945216680295,0.054131860871206756,0.04995708962120154,1.0372944304607106
C6,V,1503,1223,0.061447260834014715,0.05771862758978715,-0.09031018716388779,0.9356710484741023
C6,W,256,199,0.010466067048242027,0.009391665486809194,-0.15625071012409614,0.8968686892747777
C6,Y,646,552,0.026410466067048242,0.026051253008636557,-0.0197562431946145,0.9861617065848208
C7,A,1668,1535,0.06829348182115952,0.07255624881830214,0.0873507398808659,1.0673254680153033
C7,C,474,395,0.019407140517523746,0.018670826243146154,-0.05579886016866239,0.9615372814949612
C7,D,1167,1063,0.04778087127415657,0.050245793155605976,0.07256816878456553,1.05435786839992
C7,E,1630,1555,0.0667376351130036,0.07350160710909434,0.13927324075488523,1.109404634349534
C7,F,916,841,0.03750409433344252,0.039752316127812444,0.08398864081245805,1.062475818754564
C7,G,1560,1243,0.06387160170324271,0.05875401777273587,-0.12048515115717436,0.9149473990227215
C7,H,649,581,0.026572224041925975,0.027462658347513706,0.047550539257961905,1.034546045321097
C7,I,1275,1025,0.05220275139207337,0.04844961240310078,-0.1076385823842794,0.9245293048850614
C7,K,1407,1259,0.05760727153619391,0.059510304405369634,0.046887767811290636,1.035164587962687
C7,L,2802,2401,0.11472322305928595,0.11349026280960484,-0.015588801416348197,0.987902828907921
C7,M,517,418,0.021167703897805437,0.019757988277557193,-0.09942386147105434,0.9322704778237495
C7,N,933,782,0.03820013101867016,0.03696350916997542,-0.0474745959179428,0.9664820951833323
C7,P,1379,1210,0.05646085817228955,0.05719417659292872,0.018616877201114757,1.0138238944668108
C7,Q,1143,973,0.046798231247952835,0.04599168084704103,-0.025080538653078417,0.9820062816964366
C7,R,1304,1052,0.053390108090402885,0.04972584609567026,-0.10257455959736722,0.9278589606942667
C7,S,1864,1492,0.07631837536849001,0.07052372849309889,-0.1139201570199149,0.9183701606516899
C7,T,1211,1100,0.04958237798886341,0.05199470599357156,0.06853592293879289,1.0513615894363797
C7,V,1502,1389,0.06149688830658369,0.065655133295519,0.09439291484764828,1.0723938244656528
C7,W,285,216,0.011668850311169342,0.01020986954055587,-0.19268032681497824,0.8741641890786299
C7,Y,738,626,0.03021618080576482,0.02958971450179618,-0.030224534134052246,0.9787503761309466
C8,A,1628,1465,0.06672404606746178,0.06935896221948679,0.05587471630618795,1.0424648369836365
C8,C,487,392,0.01995983441944342,0.018558848593883154,-0.10498708927078723,0.9287102677276574
C8,D,1067,1003,0.043731300463133733,0.04748603351955307,0.11883439397208173,1.0901683867463337
C8,E,1738,1616,0.07123242755850649,0.076507906448253,0.10307329207351143,1.0802152768690239
C8,F,979,771,0.040124595270297964,0.0365022251680712,-0.13649885902529607,0.9064236497863475
C8,G,1448,1204,0.05934669453666134,0.05700217782406969,-0.05814963782517356,0.9581703969738126
C8,H,659,560,0.027009303659986064,0.026512640848404507,-0.026775064825108795,0.9812389140709434
C8,I,1233,1089,0.050534857985983034,0.05155761764984376,0.02890616065603744,1.0213901747001821
C8,K,1442,1319,0.05910078281896799,0.062446737998295615,0.07944766473460445,1.0604158561506316
C8,L,2672,2192,0.10951268494610435,0.10377805132089764,-0.07759590890180178,0.9416067472843713
C8,M,522,476,0.021394319439321283,0.022535744721143832,0.07498392406844775,1.0546759028749733
C8,N,893,829,0.03659986065002664,0.03924817725594167,0.10078483931988166,1.0753574478633496
C8,P,1363,1060,0.05586294520267224,0.050184641605908534,-0.15464280263299252,0.8930730356524749
C8,Q,1217,1088,0.04987909340546744,0.051510273648328754,0.04642404527481461,1.0345255563516385
C8,R,1339,1178,0.05487929833189885,0.055771233784679485,0.023258730742065695,1.0172610947600569
C8,S,1873,1527,0.07676544120660683,0.07229429031341729,-0.08657410249214327,0.9372703779959829
C8,T,1298,1094,0.053198901594327636,0.0517943376574188,-0.0386013371540043,0.9722222748255664
C8,V,1555,1461,0.06373212016885937,0.06916958621342675,0.11811539096808416,1.0916761282749754
C8,W,278,205,0.01139390958645846,0.00970552031057665,-0.23136337565616052,0.850905165393927
C8,Y,708,593,0.029017582687815076,0.02807499289839977,-0.04764001371077658,0.9667074265283914
C9,A,1693,1511,0.06951915575083152,0.07166911729829721,0.04394040136629278,1.0333468907644028
C9,C,451,344,0.01851927893893976,0.01631646350139923,-0.1826890152707851,0.8793798631160994
C9,D,1211,1056,0.04972693302673182,0.050087748422899966,0.01043009730339016,1.0076961862127978
C9,E,1766,1610,0.07251673305136944,0.07636484371294408,0.07459367948343805,1.0574777493601715
C9,F,963,826,0.039543382745452306,0.039178485035336524,-0.013374340001657601,0.9904779159806848
C9,G,1389,1206,0.0570360941157147,0.057202485414789166,0.0042025709735793405,1.0031456796665108
C9,H,619,508,0.025417813000451688,0.024095242612531424,-0.07708846046571823,0.9468459720454339
C9,I,1146,1010,0.047057857348170654,0.04790589574538728,0.025767042812614178,1.018984353738563
C9,K,1388,1352,0.0569950314129676,0.06412749608689465,0.17010410502769283,1.1337236154831256
C9,L,2629,2176,0.10795384552211226,0.10321111796233932,-0.06481563464458369,0.9510452416472877
C9,M,505,459,0.02073666488728288,0.021771095195180952,0.07022679691272278,1.0510950611661263
C9,N,960,791,0.03942019463721102,0.037518379737229046,-0.07133551939974336,0.9499772362257681
C9,P,1313,1114,0.05391532870693549,0.05283878005976379,-0.029097801748669765,0.978981993981629
C9,Q,1187,1098,0.04874142816080154,0.05207987478062894,0.09557555866669688,1.0722889989979578
C9,R,1421,1193,0.05835010060362173,0.056585874875492104,-0.04429240406436581,0.9680131590666426
C9,S,1946,1534,0.0799080195458465,0.07276004363705355,-0.13519211699508965,0.9035875439509999
C9,T,1293,1077,0.053094074651993596,0.05108381160176446,-0.055683619359919036,0.9601706948140966
C9,V,1473,1394,0.06048536114647066,0.06611962244462363,0.12849043499354762,1.0997632458371598
C9,W,325,264,0.013345378392805814,0.012521937105724992,-0.09187534353853169,0.9378449594678333
C9,Y,675,560,0.027717324354289,0.02656168476971968,-0.06143907385407719,0.9573109463061219
C10,A,1823,1503,0.07498046312672232,0.0714421522958456,-0.06973823937602514,0.9492317238974721
C10,C,465,431,0.019125570682351007,0.020486738283106758,0.09918250130185108,1.072745927834091
C10,D,1211,1103,0.04980874429317649,0.05242893811198783,0.07396283819764854,1.0555547521897202
C10,E,1801,1627,0.0740755974170197,0.07733624869284153,0.06214560844532562,1.0477347790543572
C10,F,933,768,0.03837453214329782,0.03650537123300694,-0.07203848540888157,0.949552283935033
C10,G,1317,1184,0.05416855180356188,0.05627911398421903,0.05514309640595094,1.0413272401120428
C10,H,640,594,0.026323366100440095,0.028234623063028805,0.10111767589593212,1.074777836204714
C10,I,1181,1018,0.04857483650721836,0.04838863009791805,-0.005540929217484854,0.9960358237546253
C10,K,1442,1318,0.05930983424505409,0.06264854073581139,0.07900826927456743,1.0600858522988752
C10,L,2664,2303,0.1095710113930819,0.10946858066356117,-0.001349299143587662,0.9989760468243061
C10,M,525,422,0.021593386254267266,0.02005894096396996,-0.1063389533795729,0.9276969157407039
C10,N,917,775,0.03771644799078682,0.036838102481224454,-0.033994151607433215,0.9759153802601677
C10,P,1371,1122,0.056389585818286514,0.053332065785721076,-0.08042406863100722,0.9427971423419719
C10,Q,1194,1095,0.04910952988113355,0.052048673828310674,0.08385673417222464,1.0631714060618065
C10,R,1223,1134,0.05030230740755974,0.05390246221123681,0.09972468069114836,1.0756787546928082
C10,S,1822,1483,0.07493933286719039,0.07049149158665273,-0.08827278682633327,0.9362018810449061
C10,T,1267,1072,0.052112038826964996,0.050955414012738856,-0.032380630476972316,0.9766801700540714
C10,V,1552,1301,0.06383416279356723,0.061840479132997436,-0.04577650704005533,0.9667658468281869
C10,W,286,224,0.011763254226134168,0.010647399942960357,-0.1437732028645544,0.9045536327143402
C10,Y,679,561,0.02792744622218566,0.026666032892860538,-0.06667800024215173,0.9537395312376898
