result_file	timestamp	model_key	model_class	feature_set	components	embedding_mode	pca_mode	features	cv_folds	has_heldout_predictions	cv_mean_auc_roc	cv_std_auc_roc	cv_mean_auc_pr	cv_std_auc_pr	cv_mean_accuracy	cv_std_accuracy	cv_mean_f1	cv_std_f1	cv_mean_mcc	cv_std_mcc	cv_mean_sensitivity	cv_std_sensitivity	cv_mean_specificity	cv_std_specificity	cv_mean_ppv	cv_std_ppv	cv_mean_npv	cv_std_npv	heldout_auc_roc	heldout_auc_pr	heldout_accuracy	heldout_f1	heldout_mcc	heldout_sensitivity	heldout_specificity	heldout_ppv	heldout_npv
runs/is_engineered_helping/models/cv_results_xgb_handcrafted_blosum_flat_20261007_144019.json	20261007_144019	xgb	xgboost.XGBClassifier	handcrafted_blosum	['handcrafted', 'blosum']	none	flat	683		False	0.7647781859815875	0.005102360395666153	0.7270030363657302	0.005089522619738632	0.6991015259968792	0.005905732456847047	0.6709617753733411	0.006031856300641295	0.39400343940626575	0.011677242053307689	0.6620932696845695	0.008167775315005666	0.7310354303793926	0.009544381546938338	0.6801398666418156	0.007127940162846814	0.714740945737864	0.005533173330473236	0.7647781859815875	0.7270030363657302	0.6991015259968792	0.6709617753733411	0.39400343940626575	0.6620932696845695	0.7310354303793926	0.6801398666418156	0.714740945737864
runs/is_engineered_helping/models/cv_results_xgb_blosum_flat_20261007_143220.json	20261007_143220	xgb	xgboost.XGBClassifier	blosum	['blosum']	none	flat	609		False	0.763271459886116	0.004408806306294066	0.7263067799414614	0.005277896280633291	0.6947038270825115	0.0030748378262132076	0.666774356951812	0.004586192654445788	0.38528425410392625	0.006183638287960744	0.6592594107150779	0.009286856993762641	0.7252867397401715	0.008713403680023482	0.6745701510077478	0.004897289350003685	0.7114545299255027	0.0035946257887147725	0.763271459886116	0.7263067799414614	0.6947038270825115	0.666774356951812	0.38528425410392625	0.6592594107150779	0.7252867397401715	0.6745701510077478	0.7114545299255027
runs/is_engineered_helping/models/cv_results_xgb_sparse_flat_20261007_142819.json	20261007_142819	xgb	xgboost.XGBClassifier	sparse	['sparse']	none	flat	609		False	0.740941111475974	0.0039003423380590727	0.699520438074359	0.0038404525936909686	0.6767275412146052	0.0033132456265199586	0.6537377884932308	0.003784949062471741	0.3506777813968808	0.006417283733052602	0.6586206448413554	0.007681232061240258	0.6923420550473612	0.008002591016821872	0.6489920347692945	0.0037405055592626565	0.7014012653091158	0.003941518297400962	0.740941111475974	0.699520438074359	0.6767275412146052	0.6537377884932308	0.3506777813968808	0.6586206448413554	0.6923420550473612	0.6489920347692945	0.7014012653091158
runs/is_engineered_helping/models/cv_results_xgb_handcrafted_sparse_flat_20261009_124007.json	20261009_124007	xgb	xgboost.XGBClassifier	handcrafted_sparse	['handcrafted', 'sparse']	none	flat	683		False	0.7409285941654148	0.004269593055711566	0.6987755590594588	0.004847426416900709	0.676555827842995	0.0014183426573839855	0.6498551668153445	0.0030117720436248813	0.3493513951904276	0.003123882612510298	0.6477914028316342	0.005753254821137824	0.7013900740319653	0.0035194099051993185	0.6519612918584212	0.001935685821443513	0.6975602521722033	0.002717298677255294	0.7409285941654148	0.6987755590594588	0.676555827842995	0.6498551668153445	0.3493513951904276	0.6477914028316342	0.7013900740319653	0.6519612918584212	0.6975602521722033
runs/is_engineered_helping/models/cv_results_xgb_emb_esmc_win_impute_bos_eos_pca6389_flat_20261007_155615.json	20261007_155615	xgb	xgboost.XGBClassifier	emb_esmc_win_impute_bos_eos	['esmc_win_impute_bos_eos']	esmc_full	flat	6389		False	0.6881693952162182	0.006719456765604832	0.6413089272251375	0.008051260582873188	0.6388229208926853	0.004948296071810967	0.5808178316467655	0.006839626279220339	0.2690904759217661	0.010223911369560922	0.5400635432575948	0.00885051333815353	0.724096571515508	0.006701022219869085	0.6282981645971968	0.006545496685766457	0.6458163478363712	0.004611013132251251	0.6881693952162182	0.6413089272251375	0.6388229208926853	0.5808178316467655	0.2690904759217661	0.5400635432575948	0.724096571515508	0.6282981645971968	0.6458163478363712
runs/is_engineered_helping/models/cv_results_xgb_emb_esmc_win_padtoken_pca6389_flat_20261007_110801.json	20261007_110801	xgb	xgboost.XGBClassifier	emb_esmc_win_padtoken	['esmc_win_padtoken']	esmc_full	flat	6389		False	0.6879700395712725	0.0042982282628954436	0.6424573298744064	0.00391231808541187	0.637364278019446	0.003880446772915966	0.5801433138300179	0.0036162781837237442	0.2661876375222114	0.007854186437103972	0.5406759140963301	0.0030033067277918735	0.7208639019645066	0.005605925606596247	0.6258497116658297	0.005779519019799823	0.6450686932332453	0.0033124399012480566	0.6879700395712725	0.6424573298744064	0.637364278019446	0.5801433138300179	0.2661876375222114	0.5406759140963301	0.7208639019645066	0.6258497116658297	0.6450686932332453
runs/is_engineered_helping/models/cv_results_xgb_emb_esmc_win_zeropad_pca6389_flat_20261007_105613.json	20261007_105613	xgb	xgboost.XGBClassifier	emb_esmc_win_zeropad	['esmc_win_zeropad']	esmc_full	flat	6389		False	0.687844351792684	0.004896681220349503	0.6429181920588762	0.006823570877394081	0.6366347867828109	0.002585313671386141	0.5822457360543171	0.0038583678446733496	0.26494963100468627	0.00523237224618462	0.5465041703355207	0.0057346918131389426	0.7144626697009407	0.004031335991110942	0.6230264221294718	0.0032685745790376987	0.6459675130600738	0.0030515731286621926	0.687844351792684	0.6429181920588762	0.6366347867828109	0.5822457360543171	0.26494963100468627	0.5465041703355207	0.7144626697009407	0.6230264221294718	0.6459675130600738
runs/is_engineered_helping/models/cv_results_xgb_emb_esmc_win_impute_boundary_pca6389_flat_20261007_155613.json	20261007_155613	xgb	xgboost.XGBClassifier	emb_esmc_win_impute_boundary	['esmc_win_impute_boundary']	esmc_full	flat	6389		False	0.6869700829352926	0.005635161987671206	0.64186975729117	0.007700816969030259	0.636098682578281	0.004488102320585558	0.580166190181265	0.004405049958537984	0.2637300068571596	0.009038482225949097	0.5426188386158494	0.004536485874985531	0.7168240326069114	0.00686014339315371	0.6233355437438762	0.006439784438340754	0.6447532025686886	0.003791391096109984	0.6869700829352926	0.64186975729117	0.636098682578281	0.580166190181265	0.2637300068571596	0.5426188386158494	0.7168240326069114	0.6233355437438762	0.6447532025686886
runs/is_engineered_helping/models/cv_results_xgb_emb_esmif_win_pca4308_flat_20261007_223805.json	20261007_223805	xgb	xgboost.XGBClassifier	emb_esmif_win	['esmif_win']	esmif_full	flat	4308		False	0.6334725297426772	0.006718530645849264	0.5867003323746091	0.007274353801406775	0.5980223902993886	0.005157501595462839	0.5082731484680635	0.005750206441280802	0.18312961921399643	0.010997942104386932	0.44834773218551843	0.005360520619349759	0.7272559961374343	0.00857399568960059	0.586756366677298	0.008775930030077827	0.6042238600774837	0.003318305184992284	0.6334725297426772	0.5867003323746091	0.5980223902993886	0.5082731484680635	0.18312961921399643	0.44834773218551843	0.7272559961374343	0.586756366677298	0.6042238600774837
runs/is_engineered_helping/models/cv_results_xgb_emb_esmif_boundary_pca4308_flat_20261008_014656.json	20261008_014656	xgb	xgboost.XGBClassifier	emb_esmif_boundary	['esmif_boundary']	esmif_full	flat	4308		False	0.6332911694745121	0.0037707992154266063	0.5876564909223645	0.00550924958443613	0.5978720744906868	0.0026153092787965944	0.5067909497914495	0.003684579792161245	0.18274853056858945	0.005759366408778781	0.44589798604229897	0.005995198688084877	0.729096046870548	0.008384093497651797	0.587074363473632	0.005962896410445857	0.6037761370030404	0.0011238534820960685	0.6332911694745121	0.5876564909223645	0.5978720744906868	0.5067909497914495	0.18274853056858945	0.44589798604229897	0.729096046870548	0.587074363473632	0.6037761370030404
runs/is_engineered_helping/models/cv_results_xgb_emb_esmif_eos_bos_repeat_pca4308_flat_20261008_032609.json	20261008_032609	xgb	xgboost.XGBClassifier	emb_esmif_eos_bos_repeat	['esmif_eos_bos_repeat']	esmif_full	flat	4308		False	0.6328440258476502	0.004351639098993909	0.5869683948627974	0.005279585375623845	0.5965422200973752	0.005010915640233952	0.5049075064885944	0.007094909131920435	0.17995330248035998	0.010059125347425861	0.44406176427553773	0.009892640009069658	0.7282103374211002	0.009750323435721233	0.5852804222764734	0.007016676664623714	0.6027029561651441	0.004574178947689952	0.6328440258476502	0.5869683948627974	0.5965422200973752	0.5049075064885944	0.17995330248035998	0.44406176427553773	0.7282103374211002	0.5852804222764734	0.6027029561651441
runs/is_engineered_helping/models/cv_results_xgb_emb_esmif_pad_pca4308_flat_20261008_012441.json	20261008_012441	xgb	xgboost.XGBClassifier	emb_esmif_pad	['esmif_pad']	esmif_full	flat	4308		False	0.6324602206601745	0.004054355515304515	0.5870017951466616	0.0068821194934945	0.5948688506096153	0.0041138656244517355	0.5042180299436708	0.003959085126232545	0.17651726494077916	0.008238968797337634	0.4446094980763898	0.005631282963160236	0.7246114361872286	0.008789393514195219	0.5823963905977073	0.0065420445001829804	0.6017353269686475	0.0032916321059207397	0.6324602206601745	0.5870017951466616	0.5948688506096153	0.5042180299436708	0.17651726494077916	0.4446094980763898	0.7246114361872286	0.5823963905977073	0.6017353269686475
runs/is_engineered_helping/models/cv_results_xgb_handcrafted_flat_20261008_123112.json	20261008_123112	xgb	xgboost.XGBClassifier	handcrafted	['handcrafted']	unknown	flat	52		False	0.5657714238684638	0.0059093580263179	0.5220270306726754	0.005318402419844592	0.5458954311316263	0.005076721403408621	0.5067589196938006	0.006223486280236794	0.08609858142042394	0.010336618234270853	0.5034678502425558	0.008083964217225143	0.5825501415111961	0.004178125161399977	0.5101220175952941	0.005018720133852963	0.5760572795673654	0.005737417289530658	0.5657714238684638	0.5220270306726754	0.5458954311316263	0.5067589196938006	0.08609858142042394	0.5034678502425558	0.5825501415111961	0.5101220175952941	0.5760572795673654
