result_file	timestamp	model_key	model_class	feature_set	components	embedding_mode	features	cv_folds	has_heldout_predictions	cv_mean_auc_roc	cv_std_auc_roc	cv_mean_auc_pr	cv_std_auc_pr	cv_mean_accuracy	cv_std_accuracy	cv_mean_f1	cv_std_f1	cv_mean_mcc	cv_std_mcc	cv_mean_sensitivity	cv_std_sensitivity	cv_mean_specificity	cv_std_specificity	cv_mean_ppv	cv_std_ppv	cv_mean_npv	cv_std_npv	heldout_auc_roc	heldout_auc_pr	heldout_accuracy	heldout_f1	heldout_mcc	heldout_sensitivity	heldout_specificity	heldout_ppv	heldout_npv
models/cv_results_xgb_handcrafted_sparse_esmc_pca66_20260916_140932.json	20260916_140932	xgb	xgboost.XGBClassifier	handcrafted_sparse_esmc	['handcrafted', 'sparse', 'esmc']	esmc_pca	696		False	0.7583716728130131	0.005919088344073379	0.7207422098053285	0.007634868542935512	0.6912500367900033	0.0046635424514008955	0.6628615436821695	0.005518385197489489	0.3782737614633551	0.009449142685876868	0.6550632505264496	0.007115830522593448	0.7224997678195108	0.005576449311875884	0.6708800283262858	0.005547029909141676	0.7081060421730387	0.004858415095971838	0.7583716728130131	0.7207422098053287	0.6912500367900033	0.6628615436821695	0.3782737614633551	0.6550632505264498	0.7224997678195108	0.6708800283262858	0.7081060421730386
models/cv_results_xgb_handcrafted_sparse_esmc_pca26_20260916_135744.json	20260916_135744	xgb	xgboost.XGBClassifier	handcrafted_sparse_esmc	['handcrafted', 'sparse', 'esmc']	esmc_pca	656		False	0.757944243418661	0.003828630305183419	0.7197724184880127	0.006414266052671148	0.6902203501701507	0.005025562015945438	0.663589023502782	0.006006951036232269	0.37659542130344525	0.010146016997190732	0.6594028353405664	0.00797654748854637	0.7168174194604867	0.007054467508239307	0.667872303101233	0.006059847739101739	0.7090989576623801	0.004813117196144518	0.7579442434186608	0.7197724184880127	0.6902203501701507	0.6635890235027821	0.3765954213034453	0.6594028353405664	0.7168174194604867	0.667872303101233	0.7090989576623801
models/cv_results_xgb_handcrafted_sparse_esmc_pca218_20260916_142538.json	20260916_142538	xgb	xgboost.XGBClassifier	handcrafted_sparse_esmc	['handcrafted', 'sparse', 'esmc']	esmc_pca	848		False	0.75754398361742	0.005344915968665329	0.7183118546213766	0.008749461244946632	0.6916577666609847	0.005809431333609666	0.6610110186723857	0.006746879492446239	0.3786455170398117	0.011790004987386476	0.6488012227638419	0.007135030967363379	0.7286548627210571	0.006467464759393958	0.6737065191482174	0.007142484494438833	0.7061323862656086	0.005000152118301404	0.75754398361742	0.7183118546213766	0.6916577666609847	0.6610110186723857	0.3786455170398117	0.6488012227638419	0.7286548627210571	0.6737065191482174	0.7061323862656086
models/cv_results_xgb_handcrafted_sparse_esmc_pca13_20260916_134704.json	20260916_134704	xgb	xgboost.XGBClassifier	handcrafted_sparse_esmc	['handcrafted', 'sparse', 'esmc']	esmc_pca	643		False	0.7568433613075233	0.004001223870187676	0.7188297746177162	0.004287107313555392	0.691507486744969	0.0035136426502767933	0.6661550233023276	0.004586389671052988	0.37945632391201745	0.007153261303443271	0.6642649240881882	0.0065365802580357344	0.7150212064828428	0.005478071933313391	0.6680883662890619	0.0045391095386243885	0.7115383981444848	0.00344937385298506	0.7568433613075233	0.7188297746177161	0.691507486744969	0.6661550233023276	0.3794563239120174	0.6642649240881883	0.7150212064828428	0.6680883662890619	0.7115383981444848
models/cv_results_xgb_handcrafted_sparse_esmc_pca718_20260916_145820.json	20260916_145820	xgb	xgboost.XGBClassifier	handcrafted_sparse_esmc	['handcrafted', 'sparse', 'esmc']	esmc_pca	1348		False	0.7508452909638815	0.005192527515869006	0.7129442943632318	0.008163751729766626	0.6852866464463839	0.005209657544988869	0.6515263573741596	0.006502912242430485	0.3653871376999817	0.010688207100196382	0.634957312434368	0.007515783275030334	0.7287357446455074	0.00613991060742861	0.6690117357962445	0.0066965414257818285	0.6980777123980436	0.004495993192400723	0.7508452909638815	0.7129442943632318	0.6852866464463839	0.6515263573741596	0.3653871376999817	0.634957312434368	0.7287357446455074	0.6690117357962445	0.6980777123980434
models/cv_results_xgb_handcrafted_sparse_esmif_pca9_20260916_164258.json	20260916_164258	xgb	xgboost.XGBClassifier	handcrafted_sparse_esmif	['handcrafted', 'sparse', 'esmif']	esmif_pca	639		False	0.7464822226741248	0.0050270097091379895	0.7052801368237995	0.004375933497797686	0.6840638406090845	0.004121969090887853	0.6582924597048415	0.005403277573673773	0.3645227560740323	0.008415909399763976	0.6568072055529728	0.00761720942853807	0.7075793764452666	0.005714396203531317	0.6598166378498148	0.00463133301832487	0.704842522254885	0.0041878577735009505	0.7464822226741249	0.7052801368237995	0.6840638406090845	0.6582924597048415	0.3645227560740323	0.6568072055529727	0.7075793764452666	0.6598166378498148	0.704842522254885
models/cv_results_xgb_handcrafted_sparse_esmc_pca1_20260916_133715.json	20260916_133715	xgb	xgboost.XGBClassifier	handcrafted_sparse_esmc	['handcrafted', 'sparse', 'esmc']	esmc_pca	631		False	0.7464663096193033	0.004729855039341347	0.7057981764174208	0.004484586351065023	0.6818544828777805	0.004451590781361222	0.6575868316439438	0.004953375116090187	0.3605186286454893	0.008810483249762446	0.6593093189145129	0.0074677932429099494	0.7012989798829805	0.008198820605734307	0.6559273958315072	0.0054587430918576	0.7045018168359043	0.004167903723241649	0.7464663096193033	0.7057981764174208	0.6818544828777805	0.6575868316439438	0.36051862864548917	0.6593093189145129	0.7012989798829805	0.6559273958315072	0.7045018168359042
models/cv_results_xgb_handcrafted_sparse_esmif_pca148_20260916_172807.json	20260916_172807	xgb	xgboost.XGBClassifier	handcrafted_sparse_esmif	['handcrafted', 'sparse', 'esmif']	esmif_pca	778		False	0.7462617238075936	0.007638031706291002	0.7061713480105043	0.007451583589089786	0.6816185933832992	0.005498405400589555	0.6507526198670709	0.006765184205950883	0.3585591511570878	0.011117677174914986	0.6401977165776215	0.009481041962617025	0.7173750564215949	0.0072538683792528	0.6617224855948629	0.006118552958825477	0.6978263692298547	0.005812942283479779	0.7462617238075935	0.7061713480105042	0.6816185933832992	0.6507526198670709	0.3585591511570878	0.6401977165776215	0.7173750564215949	0.661722485594863	0.6978263692298549
models/cv_results_xgb_handcrafted_sparse_esmif_pca64_20260916_165305.json	20260916_165305	xgb	xgboost.XGBClassifier	handcrafted_sparse_esmif	['handcrafted', 'sparse', 'esmif']	esmif_pca	694		False	0.7456347020181567	0.006758322522294827	0.7064130243484223	0.0070345271339092436	0.6805889951146741	0.006149789286336255	0.6520535759052747	0.007038640291691783	0.35697231625716414	0.012351913892628016	0.6459396729357729	0.00931729301186356	0.7104951737160401	0.00777668975385884	0.6583346364962713	0.006585013856658815	0.6991763900425103	0.0063548748683472205	0.7456347020181568	0.7064130243484223	0.6805889951146741	0.6520535759052747	0.35697231625716414	0.645939672935773	0.7104951737160401	0.6583346364962714	0.6991763900425104
models/cv_results_xgb_handcrafted_sparse_esmif_pca248_20260916_175240.json	20260916_175240	xgb	xgboost.XGBClassifier	handcrafted_sparse_esmif	['handcrafted', 'sparse', 'esmif']	esmif_pca	878		False	0.7456215761452764	0.0074185995900671094	0.7049553235456417	0.008616215745719424	0.6823478913516241	0.004842731588855841	0.6496858039614056	0.005324819766545331	0.359704367810777	0.00965749668537622	0.6357047890329159	0.0074928509433695055	0.7226152198079864	0.008740435537844154	0.6643701053180389	0.0067617550822303245	0.6967248631555244	0.004204195958921134	0.7456215761452764	0.7049553235456418	0.6823478913516241	0.6496858039614057	0.35970436781077714	0.635704789032916	0.7226152198079864	0.6643701053180388	0.6967248631555244
models/cv_results_xgb_handcrafted_sparse_esmif_pca95_20260916_170856.json	20260916_170856	xgb	xgboost.XGBClassifier	handcrafted_sparse_esmif	['handcrafted', 'sparse', 'esmif']	esmif_pca	725		False	0.74551997363863	0.006955283810917726	0.7061509969501678	0.007245810752014965	0.6810392909504763	0.0037817385068400107	0.6514440053383787	0.0049654781892719225	0.35765180000303104	0.007683669066339297	0.6433034493349242	0.007608721132773456	0.7136226355092316	0.005394121121673373	0.659839196866581	0.004325974296970255	0.6985402016551306	0.0044508434901678285	0.74551997363863	0.7061509969501678	0.6810392909504764	0.6514440053383787	0.35765180000303104	0.6433034493349243	0.7136226355092316	0.659839196866581	0.6985402016551306
models/cv_results_xgb_handcrafted_sparse_esmif_pca420_20260916_182832.json	20260916_182832	xgb	xgboost.XGBClassifier	handcrafted_sparse_esmif	['handcrafted', 'sparse', 'esmif']	esmif_pca	1050		False	0.7412460711246963	0.005637614837205776	0.7014762017544464	0.005708976356959741	0.6796664923386508	0.0044001969103768645	0.6463080606270523	0.0049012767272503584	0.3541975624451708	0.008804241728992182	0.6316365845946742	0.005972346201967521	0.721134267285005	0.005637922267264626	0.6617009194403771	0.005114918149539257	0.6939294158312869	0.004319513151214305	0.7412460711246963	0.7014762017544464	0.6796664923386508	0.6463080606270523	0.3541975624451708	0.6316365845946742	0.721134267285005	0.661700919440377	0.693929415831287
models/cv_results_lr_l2_handcrafted_sparse_esmc_pca218_20260916_134623.json	20260916_134623	lr_l2	sklearn.linear_model.LogisticRegression	handcrafted_sparse_esmc	['handcrafted', 'sparse', 'esmc']	esmc_pca	848		False	0.7400693264067195	0.005644186210956318	0.6987318789276641	0.00910120457784869	0.6747110873446309	0.003690467227738745	0.6592846382674405	0.00449054500912261	0.3491562091722962	0.007535947724500286	0.6792250720104844	0.006634299552863444	0.6708079723395403	0.004719513862179474	0.6405037890478892	0.00379356895204724	0.7077777961695647	0.004453335557347155	0.7400693264067195	0.6987318789276641	0.6747110873446309	0.6592846382674405	0.3491562091722962	0.6792250720104844	0.6708079723395403	0.6405037890478891	0.7077777961695647
models/cv_results_lr_l2_handcrafted_sparse_esmc_pca718_20260916_134955.json	20260916_134955	lr_l2	sklearn.linear_model.LogisticRegression	handcrafted_sparse_esmc	['handcrafted', 'sparse', 'esmc']	esmc_pca	1348		False	0.7380062464965738	0.00515230309214091	0.696873052902366	0.008428631944333662	0.6737027734389042	0.002901764772612777	0.6579323679479253	0.004401367247478642	0.3470338217424342	0.006085091943511229	0.6772741180017467	0.007977676882041942	0.6706063322123724	0.005772475460390752	0.6397090277330845	0.0032753304401602168	0.7064802404126289	0.004027599031274098	0.7380062464965738	0.696873052902366	0.6737027734389042	0.6579323679479253	0.3470338217424342	0.6772741180017467	0.6706063322123724	0.6397090277330845	0.7064802404126289
models/cv_results_lr_l2_handcrafted_sparse_esmc_pca66_20260916_134343.json	20260916_134343	lr_l2	sklearn.linear_model.LogisticRegression	handcrafted_sparse_esmc	['handcrafted', 'sparse', 'esmc']	esmc_pca	696		False	0.7355835176614981	0.005092304990348371	0.6944987513293516	0.007071457290372466	0.6710642606639518	0.004855176792843082	0.6561997271014313	0.0057586627757893975	0.3421236644972871	0.009864110018645377	0.6775071911226421	0.008431227107272317	0.6654862302661734	0.006612061922101064	0.6362266563510035	0.004920959452246668	0.7050294688085316	0.005528566980383263	0.7355835176614981	0.6944987513293516	0.6710642606639518	0.6561997271014313	0.3421236644972871	0.6775071911226421	0.6654862302661734	0.6362266563510035	0.7050294688085316
models/cv_results_lr_l2_handcrafted_sparse_esmc_pca26_20260916_134133.json	20260916_134133	lr_l2	sklearn.linear_model.LogisticRegression	handcrafted_sparse_esmc	['handcrafted', 'sparse', 'esmc']	esmc_pca	656		False	0.728351054528328	0.004003285511592076	0.6866027589784771	0.005185058460528772	0.6669456687991892	0.0038701398962894653	0.6516695475238222	0.005225224953672206	0.33378651670706844	0.008034859536624875	0.6724159017558051	0.008961294258751631	0.6622078833179512	0.006199155889469725	0.6322115351602604	0.0035917318978145162	0.7007398162219657	0.005205526971808974	0.728351054528328	0.686602758978477	0.6669456687991892	0.6516695475238222	0.33378651670706844	0.6724159017558051	0.6622078833179513	0.6322115351602604	0.7007398162219657
models/cv_results_lr_l2_handcrafted_sparse_esmif_pca248_20260916_140418.json	20260916_140418	lr_l2	sklearn.linear_model.LogisticRegression	handcrafted_sparse_esmif	['handcrafted', 'sparse', 'esmif']	esmif_pca	878		False	0.7258492925420875	0.006751290350656466	0.6858082740928225	0.007562079687158016	0.663556405273486	0.007149463725588209	0.6475493266900308	0.007900457365786462	0.326765073371252	0.014337461646406334	0.6670406488203345	0.009469722849318154	0.6605354538478571	0.00842778735074017	0.6291967787410727	0.00768066187466937	0.6967592960564386	0.007026899392240354	0.7258492925420875	0.6858082740928225	0.663556405273486	0.647549326690031	0.326765073371252	0.6670406488203345	0.660535453847857	0.6291967787410727	0.6967592960564386
models/cv_results_lr_l2_handcrafted_sparse_esmif_pca148_20260916_140232.json	20260916_140232	lr_l2	sklearn.linear_model.LogisticRegression	handcrafted_sparse_esmif	['handcrafted', 'sparse', 'esmif']	esmif_pca	778		False	0.7249181761285838	0.006472512423196811	0.6846350715172026	0.007393166289424948	0.6622263438069849	0.005370287017963331	0.646861203752639	0.00587856379306099	0.32435434194842566	0.010718970297646888	0.6676460553301814	0.007112864471730736	0.6575380218864545	0.006914959016782196	0.6273546315885264	0.005966826268256839	0.6961721044209389	0.005213357744661756	0.7249181761285838	0.6846350715172026	0.6622263438069849	0.646861203752639	0.32435434194842566	0.6676460553301814	0.6575380218864545	0.6273546315885264	0.6961721044209389
models/cv_results_lr_l2_handcrafted_sparse_esmif_pca420_20260916_140616.json	20260916_140616	lr_l2	sklearn.linear_model.LogisticRegression	handcrafted_sparse_esmif	['handcrafted', 'sparse', 'esmif']	esmif_pca	1050		False	0.7248456232501801	0.005753286354661075	0.6848956209063202	0.006244199021429245	0.6629986494962683	0.004830831424744362	0.6466206323373328	0.004936602352547808	0.3255344389792809	0.009295242103393036	0.665419233812167	0.007453655543677503	0.6608925401819062	0.009779726531557956	0.6289204212630374	0.006209356017991059	0.695838577553471	0.003964057766029092	0.7248456232501801	0.6848956209063202	0.6629986494962682	0.6466206323373328	0.3255344389792809	0.665419233812167	0.6608925401819062	0.6289204212630374	0.695838577553471
models/cv_results_lr_l2_handcrafted_sparse_esmif_pca95_20260916_140045.json	20260916_140045	lr_l2	sklearn.linear_model.LogisticRegression	handcrafted_sparse_esmif	['handcrafted', 'sparse', 'esmif']	esmif_pca	725		False	0.7234753568005244	0.0060758144447104236	0.6830205128315123	0.006153012859101402	0.6606389207367455	0.004774518857720197	0.6455624741976775	0.006396830157160411	0.3213153197952417	0.009972119692687482	0.6670419454143198	0.009422629474544097	0.6550979141097278	0.004965934520428749	0.625455561649969	0.004688959637097439	0.6950373379192518	0.005808917237090529	0.7234753568005243	0.6830205128315123	0.6606389207367455	0.6455624741976776	0.3213153197952417	0.6670419454143198	0.6550979141097278	0.6254555616499691	0.6950373379192518
models/cv_results_lr_l2_handcrafted_sparse_esmc_pca13_20260916_133920.json	20260916_133920	lr_l2	sklearn.linear_model.LogisticRegression	handcrafted_sparse_esmc	['handcrafted', 'sparse', 'esmc']	esmc_pca	643		False	0.7228024841524543	0.004418250451963861	0.6813402975697277	0.0050271951156700915	0.6614755488806203	0.003115988214611834	0.6463811811027951	0.003684992154616323	0.322960647337926	0.006164100328541576	0.6677370773571596	0.006589930449422314	0.6560472353664922	0.006620571270765584	0.6263821394200608	0.0031110475063469327	0.6957569467844257	0.0036116519489530906	0.7228024841524543	0.6813402975697277	0.6614755488806203	0.646381181102795	0.322960647337926	0.6677370773571596	0.6560472353664921	0.6263821394200608	0.6957569467844258
models/cv_results_lr_l2_handcrafted_sparse_esmif_pca64_20260916_135903.json	20260916_135903	lr_l2	sklearn.linear_model.LogisticRegression	handcrafted_sparse_esmif	['handcrafted', 'sparse', 'esmif']	esmif_pca	694		False	0.7221716283972978	0.006126940237596644	0.6813619753271963	0.005424768410108893	0.6591588140371768	0.005327044820020567	0.6443302543545378	0.006684814529418901	0.31845475733114553	0.010913455554141778	0.6663414394975541	0.009050273123931859	0.6529367645613586	0.005991594882473909	0.6237527190622457	0.005475401804497294	0.6938807248004952	0.005705954954022543	0.7221716283972978	0.6813619753271963	0.6591588140371768	0.6443302543545378	0.31845475733114553	0.6663414394975541	0.6529367645613585	0.6237527190622456	0.6938807248004952
models/cv_results_lr_l2_handcrafted_sparse_esmif_pca9_20260916_135726.json	20260916_135726	lr_l2	sklearn.linear_model.LogisticRegression	handcrafted_sparse_esmif	['handcrafted', 'sparse', 'esmif']	esmif_pca	639		False	0.7154355436663625	0.005892866061566421	0.6732941155300489	0.005445673347201352	0.6534313159490145	0.005680386969942945	0.6387372020829215	0.006795837931790462	0.30710555099899023	0.011595542312664043	0.6612526874670487	0.00924934491278941	0.6466526151816412	0.0063932977303773	0.6177273641915753	0.0052841609906634545	0.6885805181415927	0.006337448826460154	0.7154355436663625	0.6732941155300489	0.6534313159490145	0.6387372020829215	0.30710555099899023	0.6612526874670487	0.6466526151816412	0.6177273641915754	0.6885805181415927
models/cv_results_rf_handcrafted_sparse_esmc_pca1_20260916_133718.json	20260916_133718	rf	sklearn.ensemble.RandomForestClassifier	handcrafted_sparse_esmc	['handcrafted', 'sparse', 'esmc']	esmc_pca	631		False	0.7121682413553665	0.0049757346733675005	0.6681239346427446	0.00808318340208529	0.6560698508117738	0.003431389549585406	0.6151253622404843	0.0034462659560230645	0.305735186681702	0.006518589818555583	0.5931597352738881	0.006386596432015923	0.7103695088712239	0.008163923958163902	0.6388483191905411	0.00430068330246801	0.6691099244787025	0.003222157634752029	0.7121682413553665	0.6681239346427446	0.6560698508117738	0.6151253622404843	0.305735186681702	0.5931597352738881	0.7103695088712239	0.638848319190541	0.6691099244787027
models/cv_results_rf_handcrafted_sparse_esmc_pca13_20260916_143017.json	20260916_143017	rf	sklearn.ensemble.RandomForestClassifier	handcrafted_sparse_esmc	['handcrafted', 'sparse', 'esmc']	esmc_pca	643		False	0.7120221930223133	0.004873299236285279	0.6691513437993132	0.008210133565228478	0.6585795143653298	0.0021361663831493587	0.6158347706691809	0.00324441224278037	0.3105267820752535	0.004110007883700711	0.5906105389622137	0.005926415105808867	0.7172485495278055	0.005509846374301903	0.6433504518741614	0.002230388524492115	0.669867873830162	0.0024506273399134116	0.7120221930223133	0.6691513437993132	0.6585795143653298	0.615834770669181	0.3105267820752535	0.5906105389622137	0.7172485495278055	0.6433504518741614	0.6698678738301619
models/cv_results_lr_l2_handcrafted_sparse_esmc_pca1_20260916_133715.json	20260916_133715	lr_l2	sklearn.linear_model.LogisticRegression	handcrafted_sparse_esmc	['handcrafted', 'sparse', 'esmc']	esmc_pca	631		False	0.7116441661894891	0.005709361156075781	0.6682021667109321	0.005282878613149451	0.6524017397681962	0.0067339014149115075	0.6380765757908479	0.007574578449183715	0.30519891086675993	0.013688817402214646	0.6613084670156021	0.009465835600411652	0.6446982209453617	0.006282274700260744	0.616435737909489	0.006308945660804332	0.6879575372200999	0.007485547629002407	0.7116441661894891	0.6682021667109321	0.6524017397681962	0.6380765757908479	0.30519891086675993	0.6613084670156021	0.6446982209453618	0.616435737909489	0.6879575372200999
models/cv_results_lr_elasticnet_handcrafted_sparse_esmc_pca1_20260916_133719.json	20260916_133719	lr_elasticnet	sklearn.linear_model.LogisticRegression	handcrafted_sparse_esmc	['handcrafted', 'sparse', 'esmc']	esmc_pca	631		False	0.7115850798761961	0.005785936256592135	0.6681326848764394	0.005278565432064329	0.6523159396823961	0.007115139579367162	0.6381169676075068	0.007901709725527938	0.305077270382715	0.014444174452363793	0.661587771143214	0.009871288990691628	0.6442972604629348	0.006747769774971837	0.61627044724705	0.00661809212278546	0.6880012040510817	0.007928913830916524	0.7115850798761959	0.6681326848764394	0.6523159396823961	0.6381169676075068	0.305077270382715	0.661587771143214	0.6442972604629348	0.61627044724705	0.6880012040510817
models/cv_results_rf_handcrafted_sparse_esmc_pca26_20260916_152250.json	20260916_152250	rf	sklearn.ensemble.RandomForestClassifier	handcrafted_sparse_esmc	['handcrafted', 'sparse', 'esmc']	esmc_pca	656		False	0.7095456009290527	0.0043523439305287554	0.6661615117632376	0.007122678545899697	0.6564558600856708	0.0022499478601405447	0.6145439865145814	0.0015205861216206935	0.3063800414193945	0.0040793281167864435	0.5910309707901141	0.0047707290186106465	0.7129342881633954	0.007579041270175614	0.6400665993011628	0.00396018235059462	0.6687483560440391	0.0016531320250072522	0.7095456009290527	0.6661615117632377	0.6564558600856709	0.6145439865145813	0.3063800414193945	0.5910309707901141	0.7129342881633954	0.6400665993011627	0.6687483560440391
models/cv_results_rf_handcrafted_sparse_esmc_pca66_20260916_162523.json	20260916_162523	rf	sklearn.ensemble.RandomForestClassifier	handcrafted_sparse_esmc	['handcrafted', 'sparse', 'esmc']	esmc_pca	696		False	0.7049877252019292	0.0038572824368300874	0.661170242942053	0.007384939470843726	0.6498274417697766	0.0029665447855319804	0.6040768865790086	0.004066784387989025	0.29254472223951433	0.006021844171894365	0.5765395207989837	0.0062450874536288245	0.7130997974956171	0.006231863813577426	0.6344281623196122	0.004363416535590306	0.6610519994027184	0.0026964900064885503	0.7049877252019292	0.661170242942053	0.6498274417697767	0.6040768865790086	0.29254472223951433	0.5765395207989837	0.7130997974956171	0.6344281623196122	0.6610519994027184
