feature,n,scaled,estimate,std_error,statistic,p_value,odds_ratio,conf_low,conf_high,p_adj
protein_length,46617,TRUE,-0.2140574153475218,0.0095546924631839,-22.403380974565838,3.64814925175751e-111,0.8073020321652797,0.7923242118184447,0.8225629880000827,2.0064820884666307e-109
PC5,46617,TRUE,-0.15760735576056345,0.00936395802106128,-16.831275343831663,1.4396738079295952e-63,0.8541851069941275,0.8386509303648855,0.8700070203142996,3.959102971806387e-62
PC2,46617,TRUE,0.12812452570888735,0.009332224683501176,13.729258569546014,6.7824021142176646e-43,1.1366945415778411,1.1160920753271562,1.1576773184005602,1.2434403876065719e-41
mean_plddt_nflank,46580,TRUE,0.12675715051887299,0.009419464156657632,13.456938570043992,2.802906361416903e-41,1.1351413158262489,1.1143764388112287,1.156293117853708,3.8539962469482416e-40
mean_plddt_peptide,46617,TRUE,0.12191665116296495,0.009433100514316981,12.924345603858173,3.280760229304329e-38,1.1296599420139077,1.1089656944880308,1.1507403618828884,3.608836252234762e-37
q8trans_H_n_pep,46617,TRUE,0.09811111111138762,0.009296600220292772,10.553439836772702,4.897072067948826e-26,1.1030853433380448,1.0831676685913758,1.123369271416324,4.48898272895309e-25
q8point_C_peptide,46617,TRUE,-0.09643142053786707,0.009286401010817638,-10.38415425152705,2.9275244585436046e-25,0.9080721705654374,0.8916935435110105,0.9247516402424675,2.3001977888556893e-24
mean_plddt_cflank,46494,TRUE,0.0967456575310961,0.009388127488327873,10.305106918432735,6.6817336751711365e-25,1.1015801593698993,1.0814956320931217,1.1220376777378667,4.593691901680156e-24
q8point_H_nflank,46617,TRUE,0.09492154063920878,0.009311328949639453,10.194199039964566,2.104722381978789e-24,1.099572579979832,1.0796871636600813,1.1198242410744759,1.2862192334314821e-23
q8trans_C_n_pep,46617,TRUE,-0.06972599684037707,0.009333049367933785,-7.470869818811801,7.966643996235042e-14,0.9326493337628188,0.9157436847549099,0.9498670798925933,4.381654197929273e-13
PC1,46617,TRUE,0.06615245831205217,0.009345629328704226,7.078438057549649,1.4578826214033904e-12,1.068389589623496,1.0489975824916855,1.0881400817955742,7.289413107016952e-12
q8point_H_peptide,46617,TRUE,0.0645473265886933,0.009306299264138385,6.935874804437568,4.03715017066804e-12,1.0666760591892162,1.0473958912335413,1.086311131035111,1.8503604948895183e-11
mean_rsa_cflank,46494,TRUE,0.06180423736158614,0.009309426970467717,6.63888739421316,3.1605972738773264e-11,1.0637540810380466,1.04452032458531,1.0833420071307371,1.3371757697173304e-10
q8point_G_peptide,46617,TRUE,-0.057648421920637585,0.009422524619299315,-6.11815031000943,9.466775218764969e-10,0.9439817724006825,0.9267081737293126,0.9615773464463052,3.719090264514809e-9
mean_disorder_nflank,46580,TRUE,-0.04734891532752573,0.009334347423940025,-5.072546925571768,3.9252629810953354e-7,0.9537545599430078,0.9364639649408087,0.9713644034018722,1.4392630930682895e-6
PC4,46617,TRUE,0.046186598638430575,0.009292399494599994,4.970363000995659,6.682766718404953e-7,1.0472698118465602,1.0283684278018967,1.0665186028216052,2.2972010594517027e-6
q8trans_C_pep_c,46617,TRUE,-0.04556986255466351,0.009310711681996448,-4.894347941498302,9.863220308587619e-7,0.9554528498632723,0.9381749275370974,0.9730489714837866,3.191041864543053e-6
q8point_S_peptide,46617,TRUE,-0.04395572946563981,0.009332166311259165,-4.710131388529549,2.4755714951755375e-6,0.9569963232738735,0.9396509753983812,0.9746618550269959,7.564246235258586e-6
q8trans_G_n_pep,46617,TRUE,-0.03722603683162081,0.009455426492332004,-3.937002404049117,8.250578074512855e-5,0.9634583336652391,0.945767347779361,0.9814802370673006,2.3883252320958267e-4
q8point_G_nflank,46617,TRUE,-0.03440867596256892,0.00935400546335838,-3.67849645773193,2.3461294891425485e-4,0.9661765708029364,0.9486242264794512,0.9840536852331198,6.451856095142009e-4
q8point_C_nflank,46617,TRUE,-0.032310098932183014,0.009279039590056815,-3.4820520613798975,4.975869417745146e-4,0.9682062957839187,0.9507567652236232,0.9859760829312951,0.0013032038951237286
q8point_H_cflank,46617,TRUE,0.03219022809061506,0.009291838251661091,3.4643551920267712,5.315042116048645e-4,1.0327139378215782,1.0140763773039763,1.0516940353214248,0.0013287605290121613
q8point_T_cflank,46617,TRUE,0.03125413402880887,0.009278696864723195,3.3683753747397858,7.561257236426433e-4,1.031747672764889,1.0131536461761197,1.0506829485078104,0.0017327881166810575
q8trans_H_pep_c,46617,TRUE,0.03133868096379186,0.009286832478355067,3.3745285097834272,7.394225640982642e-4,1.0318349075559623,1.0132231520474688,1.0507885398192534,0.0017327881166810575
mean_disorder_peptide,46617,TRUE,-0.029339657122778372,0.009316033809262611,-3.1493721173067195,0.001636217030750908,0.9710865719736036,0.9535159908561156,0.9889809288051508,0.0035996774676519978
q8trans_T_pep_c,46617,TRUE,0.02433774982144996,0.009264543515530629,2.626977765353613,0.00861469629166079,1.0246363301921093,1.006198375447067,1.0434121489046113,0.018223396001590134
q8point_I_nflank,46617,TRUE,-0.023704963261965986,0.01006549776069694,-2.3550711376170077,0.018519160021314297,0.9765737924044979,0.9574963797514359,0.9960313085036219,0.03772421485823283
q8trans_E_n_pep,46617,TRUE,-0.02165317430584674,0.009310914099349797,-2.325569119723576,0.020041548561846804,0.9785795727418939,0.9608830573283604,0.9966020036301492,0.03936732753219908
q8point_B_nflank,46617,TRUE,0.020141214225868613,0.009288734490823498,2.168348578136932,0.030132174968967692,1.0203454171418476,1.0019371685151441,1.0390918742192912,0.05714722838942148
mean_disorder_cflank,46494,TRUE,-0.019372971136188636,0.009316188284849961,-2.079495448550892,0.03757183570529134,0.9808134788974704,0.9630666101337502,0.9988873773262239,0.06888169879303412
rel_distance_from_n_terminus,46617,TRUE,-0.015083395818501514,0.009288616740913974,-1.623858130787443,0.1044060901851199,0.9850297888121077,0.9672588994865184,1.0031271724274782,0.18506626076851598
q8point_E_peptide,46617,TRUE,-0.014952944219178707,0.009294862360699081,-1.6087321833191808,0.10767491535622747,0.9851582959052345,0.9673732460978623,1.0032703218802095,0.18506626076851598
q8point_E_nflank,46617,TRUE,-0.014147436118669787,0.00929544883757035,-1.5219745023487916,0.12801546965808663,0.9859521685853821,0.968151674119091,1.0040799440053862,0.21335911609681107
q8point_S_nflank,46617,TRUE,-0.013928834103308026,0.0092972548887354,-1.4981663157567369,0.13409004485364204,0.9861677232759717,0.96835990929552,1.004303016983453,0.21691036667500918
q8point_I_peptide,46617,TRUE,-0.013914236749576384,0.009585824593074424,-1.4515430169282624,0.14662871293937213,0.9861821188201353,0.9678264906656583,1.0048858766116855,0.23041654890472762
PC3,46617,TRUE,-0.013291335840432959,0.009288650051166004,-1.4309222295186477,0.15245250530300716,0.9867966039203244,0.9689937762789693,1.0049265138193644,0.23291354976848316
q8trans_T_n_pep,46617,TRUE,-0.011947569479817288,0.009317828009680085,-1.2822268738385407,0.19976307159848916,0.988123519333922,0.9702412642521167,1.006335357436562,0.29694510643018657
q8trans_S_n_pep,46617,TRUE,0.010905800713078177,0.009263808676355904,1.1772480514319281,0.23909651472449803,1.0109654857313162,0.992774962693118,1.029489312026383,0.346060744995984
q8point_G_cflank,46617,TRUE,0.010722964128074464,0.009275155324941905,1.1560953700946919,0.24764214961745035,1.010780661151211,0.9925713892334843,1.029323992248328,0.34923892894768643
q8trans_I_n_pep,46617,TRUE,-0.010144547071603185,0.009609060991135277,-1.0557272017486323,0.29109286578273513,0.9899067352874393,0.9714375380072908,1.0087270732583962,0.40025269045126083
q8trans_G_pep_c,46617,TRUE,-0.009060276036644376,0.009338298830620194,-0.9702276828982829,0.3319330149108602,0.9909806445869848,0.9730076429951003,1.0092856361571056,0.44527599561212955
q8point_B_cflank,46617,TRUE,0.008687915928150887,0.00926446179128606,0.9377680132830317,0.3483636426292922,1.0087257654013484,0.9905742741006216,1.0272098684456412,0.4455814033630482
q8trans_S_pep_c,46617,TRUE,-0.00895048908187562,0.00944094501132597,-0.9480501232808826,0.3431039378746665,0.9910894473066391,0.972918714589294,1.0095995460188345,0.4455814033630482
q8trans_I_pep_c,46617,TRUE,-0.008773711339062776,0.009688964981506534,-0.9055364897911474,0.3651812375859475,0.9912646653489283,0.9726177970987799,1.0102690282866873,0.4564765469824344
q8point_S_cflank,46617,TRUE,-0.00786865077871873,0.00929283330578885,-0.8467439929022569,0.3971378318950378,0.9921622260145091,0.974254608900495,1.0103990001556213,0.4853906834272685
q8point_T_nflank,46617,TRUE,-0.00770394875081764,0.009291723855676512,-0.8291194261128556,0.4070368323334805,0.9923256506029517,0.9744172027147381,1.0105632311305228,0.48667447344220494
q8point_C_cflank,46617,TRUE,0.007536450192235127,0.00929162389967174,0.8111015118144611,0.41730737774184323,1.0075649207102577,0.9893816443637825,1.0260823770373053,0.48833842076173145
q8point_E_cflank,46617,TRUE,0.007140695622075914,0.009285379698327404,0.76902569997888,0.441878053990328,1.007166251181002,0.9890022734888917,1.0256638277883456,0.5063186035305841
mean_rsa_peptide,46617,TRUE,0.006749687453778718,0.00928739555808309,0.7267578312527314,0.4673743194843121,1.0067725179314315,0.9886117350177938,1.025266914157914,0.5246038279925952
q8point_B_peptide,46617,TRUE,-0.0053437286565470145,0.009323034414057307,-0.5731748290545533,0.5665263254686987,0.9946705236632861,0.9766598197993102,1.0130133651324953,0.6231789580155687
q8point_I_cflank,46617,TRUE,-0.005028111261167406,0.009403588544313819,-0.5347013257197237,0.5928564046266256,0.9949845085301621,0.9768138817722982,1.0134931440765318,0.6393549461659688
rel_distance_from_c_terminus,46617,TRUE,0.004583783386818484,0.009288202747738297,0.4935059571061417,0.6216551316960264,1.0045943049919974,0.9864712533360366,1.0230503060372222,0.6546641249102891
q8trans_E_pep_c,46617,TRUE,0.004461629499277526,0.009285015516370846,0.48051933692636467,0.6308581567317332,1.0044715973869993,0.9863569211233277,1.0229189539301013,0.6546641249102891
q8point_T_peptide,46617,TRUE,0.003309075209623246,0.009286529449842948,0.35633066448512785,0.7215929474887868,1.0033145562430446,0.9852178226495821,1.0217436952794696,0.7349557798496903
mean_rsa_nflank,46580,TRUE,-0.002562511483480549,0.009292123673329392,-0.2757724255043621,0.7827228639990489,0.9974407689464262,0.9794392412607128,1.0157731543161777,0.7827228639990489
q8trans_B_n_pep,46617,TRUE,NA,NA,NA,NA,NA,NA,NA,NA
q8trans_B_pep_c,46617,TRUE,NA,NA,NA,NA,NA,NA,NA,NA
