feature,PC1,PC2,PC3,PC4,PC5
mean_rsa_peptide,-0.2784404537460723,0.12134419751039799,-0.00884534745905938,0.04010885047450053,-0.03143425461531475
mean_disorder_peptide,-0.3447125491797999,-0.051041136078272195,0.023603568036987654,0.021458312859237345,0.023649952096487466
mean_plddt_peptide,0.3352610571282395,0.06701525086223292,-0.032399001483838896,-0.0025985991959611987,-0.06833130839223361
rel_distance_from_n_terminus,0.014113142946103826,0.055049447650785455,0.4878461948252983,-0.43661734640047956,-0.0847688345106721
rel_distance_from_c_terminus,-0.015358287120202863,-0.053787073865605106,-0.48729435935360027,0.4360345925151733,0.0876248561151011
protein_length,-0.047958379343175345,0.04323754386204132,0.009495593431342472,-0.015172587622114486,0.07978046036490923
mean_rsa_nflank,-0.26648218600259843,0.12695104567652155,-0.0730800615857568,0.11202606913012514,0.0168107861692407
mean_disorder_nflank,-0.3325894048779707,-0.047197271463745014,-0.02675713617117123,0.06974074526914453,0.04525808991069716
mean_plddt_nflank,0.31986587006623846,0.06156341255853172,0.013607437241194537,-0.04696264434130648,-0.07881860929504114
mean_rsa_cflank,-0.25675443784392304,0.19647032348697385,0.06844766599470126,-0.037399531909093814,-0.07586556543344214
mean_disorder_cflank,-0.3280875544425151,-0.0023168838025898857,0.07497658564216478,-0.032382877851859504,-0.004421579781328566
mean_plddt_cflank,0.3193399323384157,0.02147672338926038,-0.07023136049105672,0.041003631064004974,-0.032073041799287716
N10_A,-0.004398791988769418,-0.022147209806199043,-0.03518300735301283,-0.02358826049981816,-0.07483815474887259
N10_C,0.01189090097803383,-0.01216184911725083,-0.0010916905321555204,7.913874988536573e-4,6.994148944922673e-4
N10_D,0.005129783270233278,0.018548803902902054,0.009885840257570944,0.022335313603327397,0.008010206981227619
N10_E,-0.008368276962361493,0.07639704575996097,-0.00660417283487319,0.018283415839631036,-0.027658195464628
N10_F,0.016463542524470128,-0.02670027440103544,0.020014515477860984,0.0022788866712687983,0.02477166926142435
N10_G,-0.00255630788251554,-0.04556369427334571,-0.028172348884509833,-0.0017172693394055436,-0.009980002444589676
N10_H,0.004950922628572175,-0.004436116863900973,-9.067913641422386e-5,-2.72318328466902e-4,-0.004810392299885308
N10_I,0.023843928367526707,-0.005403964039363036,0.04067476421959393,-0.0012662750917894232,0.04578405969069468
N10_K,8.75509451851431e-4,0.0674173735148295,0.02651219697668673,0.03633009007271372,0.030793080477788923
N10_L,0.014649166281555524,0.017693165445770712,-0.00544113684071041,-0.04123482754957693,-0.019257851058222
N10_M,0.001144470246431383,-0.0020287882536352726,0.015828270640147492,0.021854442238927775,0.014355790642249828
N10_N,0.0076578882157150125,0.017330087674239998,0.017253521923124314,0.011225224310666167,0.04275188624890191
N10_P,-0.03638559002393699,-0.05481020150039012,-0.0028665265861292405,-0.027166726772703525,0.004929386771645691
N10_Q,-0.01006799558407185,0.03378958410384152,-9.313514065688168e-4,-0.017681050363886803,-0.022463260321184616
N10_R,0.006277875194402572,0.008704067226620146,-0.020124583541640633,-0.015605302143183458,-0.017127515624416584
N10_S,-0.025067847967418223,-0.021237751152651838,0.009873483144534338,-0.0037588169444342278,0.029695662047146597
N10_T,-0.001908569629946919,-0.01307864321004125,0.01240529060049222,-0.0025133164093657095,0.007396275795222382
N10_V,0.016131760756831676,-0.025353536552413757,0.022030771723905707,7.474042020710462e-4,-0.011163992446351955
N10_W,0.01584224166427652,-0.017221722726627146,0.0106838550329387,-0.00953625951012127,0.00672628697416203
N10_Y,0.018522668760378124,-0.0054163409898683006,0.013949096779666867,-0.004034368051287573,0.01349798356237912
N9_A,-0.007397970258865489,-0.025299537848201104,-0.017248398329972693,-0.03285185501071306,-0.07375766463872249
N9_C,0.01444335000612679,-0.01172684671614754,2.237451160344277e-4,-0.01146348609211085,0.0048985504468776085
N9_D,0.0043415973842199605,-0.004225104649392907,0.021282158940434295,0.0200359856847988,0.022333919099110235
N9_E,-0.004617942935654621,0.058825184644482026,-0.009917879664897818,0.0063237358300692,-0.01352668001822462
N9_F,0.01844449673363031,-0.012047340307831736,0.023047744056641988,0.005065981125194758,0.03092552116969465
N9_G,-0.005920398631786731,-0.05543468020981501,-0.017642883146217876,0.009264387761720167,-0.020556272072327898
N9_H,0.0072160060449322355,-0.013567783882802944,0.011767612319350465,-0.007998619404246943,0.007884195095760601
N9_I,0.02269493473076089,0.011294028113683867,0.030228234703737096,0.010737549492025013,0.02458616136812629
N9_K,7.988027142051005e-4,0.05557016140785362,0.023203559014021997,0.04415726367358809,0.021579770237760112
N9_L,0.016338078319682505,0.028311684116238994,-0.021278945448733315,-0.053242153646396236,-0.02386621655317529
N9_M,8.444769491026248e-4,0.011284526776786175,-0.0019954691739857136,0.0049245705332472385,-0.0044129006010911005
N9_N,0.00517856058643917,0.023843974399362526,0.031439458959611366,0.01974883881380259,0.03483614573499613
N9_P,-0.03271282542049561,-0.04427954755646275,-0.010219971107612158,-0.02936297263415875,0.01899641859025526
N9_Q,-0.0125745769843442,0.03075950246559703,4.5764357064164313e-4,-0.015961269888484095,-0.011090252138490351
N9_R,-2.1556417976939334e-4,0.019983697404299724,-0.03177528835183717,0.0045662272366445095,-0.031999799421594435
N9_S,-0.02375190670885296,-0.02584482701250103,0.01299747740836515,0.003143910605003691,0.042040285027093324
N9_T,0.0022503465394628722,-0.013936789173371397,0.02984977974465164,-0.008826084984486742,0.0012395839700825456
N9_V,0.014447658148502225,-0.017076369126543253,0.0038098858946557456,0.0020981139706646758,-0.013505979476897684
N9_W,0.013603711595331658,-0.01619222235999726,0.007416796919729761,-0.022613509011485667,0.00935881835059589
N9_Y,0.01748056347919948,-0.010539237896357304,0.008706443046307851,0.018111126396408748,0.013885374348402896
N8_A,-0.008688714721803777,-0.01486119032702407,-0.01574282214617733,-0.025825501075409537,-0.09368136752198164
N8_C,0.012461962360008823,-0.020332722318833523,0.002255926547368128,-0.012119458068438102,-0.008791673401894429
N8_D,0.003929714717119671,0.03133093632552397,0.014154460427247302,0.011404802474393006,0.027075779608653847
N8_E,-0.004320993179713489,0.10305588760353444,-0.023842358743348405,0.007702979534606615,-0.020513214187154738
N8_F,0.02195356785081506,-0.03548354773880829,0.015203810474765845,0.010900288840768236,0.03442082591442303
N8_G,-0.004236985179457691,-0.05014843531415465,-0.00575855717882667,2.6249144864472164e-4,-0.031404990516482816
N8_H,0.005938611010010176,-0.012555277194347913,-0.012449766509247118,-0.013815903889980233,0.01591924532308509
N8_I,0.022690596564522544,-0.020180229303082053,0.04221337203286661,0.024642740525750422,0.033807677124898114
N8_K,0.0011465408255228711,0.07839926494993489,0.028494562315570716,0.0406087333768725,0.03644813288381105
N8_L,0.015056696221474817,-0.03583740275844994,-0.018970354526161762,-0.03539310305138092,0.010057683052945117
N8_M,-0.0030962273750517614,-2.3891375421367686e-4,3.165928835079152e-4,0.02553285303693829,-0.008690505561446923
N8_N,0.005783801725632047,0.016629271595501365,0.024467817565104903,0.013699796029063838,0.032676775454766584
N8_P,-0.030869743623162534,-0.054107478183569695,0.0038700615924137593,-0.030680393442909546,0.009132445414275032
N8_Q,-0.007160433454688428,0.06505860730538424,-0.009940593160116189,-0.027913089927142955,-0.035307856874030506
N8_R,0.0015063347861753653,0.02300108775194102,-0.03404905981225059,-0.0174676574635028,-0.03723944261566703
N8_S,-0.025659997817639377,-0.008811118669049742,0.022722037561964326,-0.0013179043159624554,0.025626155793960083
N8_T,-2.611655659999962e-4,-0.013779680935628117,0.013053216174516026,-0.00243646421373428,0.011317216960062623
N8_V,0.012797711189369818,-0.031004219639162747,0.0045570183583517,9.135665836989525e-4,-0.006311491759633549
N8_W,0.011220114358010885,-0.02221681449282227,-0.004146915726366791,-6.534322607572726e-4,0.010774314128074778
N8_Y,0.01819705848441473,-0.016364190827593838,0.030373045071962774,0.012771116653554744,0.03031399636124094
N7_A,-0.005101549855061544,-0.01582370878082702,-0.033060808114132534,-0.018595237295519016,-0.08826968436416836
N7_C,0.016242889521164997,-0.014990370406014905,0.010264008287454256,-0.018101364509721843,-0.0059530987601857715
N7_D,0.0030048769104961274,0.02838390950867386,0.007038929625779977,0.01572782652160885,0.027439264801888075
N7_E,-0.006759584242509577,0.11043101969006938,-0.0164636611159402,0.02305326601622878,-0.026136167424612
N7_F,0.02487488335318456,-0.03203226454447194,0.015334861472155549,-0.01021768912338064,0.031948009344204095
N7_G,-0.0037307140254199825,-0.045681229614775117,-0.016121988651718,0.006843934803731177,-0.034810446357646255
N7_H,0.00105524343676239,-4.972700408881493e-4,0.010922047713449911,-0.0026037645914735396,0.011155717694601297
N7_I,0.02488061695165085,-0.0031249193239769146,0.03946578846631831,0.015387621750174885,0.03742502677223651
N7_K,5.306057042920376e-4,0.06368406005702625,0.027460266788450587,0.030473138788233028,0.02368104761510812
N7_L,0.013412327001891794,-0.03194357827062481,-0.01786058224864683,-0.035832938803036306,0.00820552915761342
N7_M,0.005067574801794695,0.0018672569314495619,-0.002908618945463842,0.011860614198582671,0.007384465285145976
N7_N,0.005303490277267011,0.011951555833712043,0.01772299869164658,0.02396366182243051,0.0403855611083015
N7_P,-0.03811001486633211,-0.06290165645220933,0.011588181723561871,-0.02065205714914942,0.024123255666662905
N7_Q,-0.00755659324240847,0.051889791553360765,-0.013399229969626501,-0.024612010859423834,-0.027662014864167927
N7_R,4.8610233468656153e-4,0.01638139295285577,-0.02669779139436941,-0.006878774497873621,-0.04065694337726837
N7_S,-0.029782659482990217,-0.020215642839020633,0.013258550658695608,-0.002341421013280438,0.030978439319070936
N7_T,-0.0037394960668194798,-0.011712041676630626,0.028263942784191455,0.0025000346053191797,-0.004217737153842948
N7_V,0.01729917517270068,-0.024088482787865236,0.00922102054208232,-0.005386001371887555,-0.00135511269163553
N7_W,0.008893388743753613,-0.021147548650000257,-0.005122433163565343,-0.029755701288053545,-0.004406903999999289
N7_Y,0.020088158924758733,-0.00845274753409774,0.017525419560057313,0.0032756115692509,0.020525462625096153
N6_A,-0.009191150039328438,-0.03265177714244036,-0.044142732982628524,-0.032948172350451464,-0.09480981560796461
N6_C,0.011995064395817271,-0.013800844193670411,-0.0020212831842183108,-0.010018997490783464,0.004091369521037615
N6_D,5.761653266982884e-4,0.00526210300631652,0.01366783399204493,0.02389205971090972,0.026627313877743652
N6_E,-0.0031196056200052465,0.042364425346198664,-0.0012225735990106258,0.035090482996863154,0.01706048934177567
N6_F,0.021232680491713788,-0.019124597644887907,0.01254621374728531,0.00963289858825038,0.03569827286314497
N6_G,-0.012520015070182322,-0.05623939934467539,0.010752066932661192,-0.0016383368381164807,0.001930056946405082
N6_H,0.006940272265698169,-0.01051571129759557,-4.5888999373364775e-5,-0.0059152338191997625,-0.008237399149826134
N6_I,0.02010382860404722,0.01834900139255026,0.03788899034872668,0.007230947393272042,0.02279545750652945
N6_K,0.0015714802074365357,0.05450707715191583,0.03627133755596822,0.050138986497040725,0.02528670593915967
N6_L,0.011071621767985993,0.07188558118914452,-0.026834514764587494,-0.058048921902046934,-0.03126565645742469
N6_M,1.932546155154952e-4,0.01700182112934523,-0.017541712234091737,0.0065776336848671025,-0.01851764216990825
N6_N,0.004269385568360655,0.009277979260103805,0.037195125629763424,0.03266643818340562,0.030096636158899952
N6_P,-0.036620517049715626,-0.05565621989065351,-0.005775617793530079,-0.026416907583652286,0.018252039523568315
N6_Q,-0.007488677654486031,0.016249750417294945,-7.07948500277648e-4,-0.0038817080089310024,-0.005682754617255175
N6_R,0.0033768762019927337,0.0033128678026333796,-0.018152636292527294,-0.0016382344771351499,-0.02767954001642877
N6_S,-0.022111838322519034,-0.029130248001213114,0.008127683309537972,0.005354462658724709,0.03174671070264223
N6_T,-5.609399943929813e-4,-0.02236874782143986,0.014682194120409373,-0.00483956955865915,0.008345975777618664
N6_V,0.014129595657599543,-0.00910358475198916,-2.4346278851667883e-4,-0.017119450240456472,-0.016199995057452347
N6_W,0.014963263866949017,-0.02337680244233179,-0.017101744744620076,-0.004367258306083489,-0.006257186856204847
N6_Y,0.02258017766546106,0.0016833819924992643,0.01755517534973663,-0.008179470509861548,0.011654316266873058
N5_A,-0.00527865854218594,-0.026915082613369355,-0.04263574486873307,-0.025712119335157074,-0.06715605114740084
N5_C,0.009363369830805829,-0.022109228328544357,0.0058001502558067,0.009651494784763317,0.0023449750973587417
N5_D,-1.0248006707992809e-4,0.022662714685693267,4.842160940062512e-4,0.012552950409919699,0.021898051704402805
N5_E,-0.005407767777037651,0.11492735344262804,-0.014666289744133648,0.010588831679855734,-0.030572083040800876
N5_F,0.015391988103209,-0.03906789161479224,0.02281473169878764,0.0032813518870453387,0.03858081015664582
N5_G,-0.006961473755088723,-0.05072779513895389,-0.01917211000779685,-0.00570386493341379,-0.01997960022231105
N5_H,0.004377768557277246,-0.014898335933543122,0.01437700862194701,-0.017978965364659934,-0.0016613495686652938
N5_I,0.020401340101763185,-0.014775584088126674,0.049427769648302824,0.013442691733977963,0.023444096808669303
N5_K,0.001196016379028084,0.07543825166883676,0.03306310444839724,0.03786497969271881,0.029505189621395634
N5_L,0.01872923981922453,-0.02797323642417795,-0.017225497553794263,-0.031696799417191904,-0.011462433682108695
N5_M,0.005172642939828255,-0.00598842444276107,0.009219186043006884,0.008242654158115864,-0.012497041740807275
N5_N,0.0036344167550573267,0.023617210372682235,0.03207759337553126,0.026621773323917717,0.05705061687447451
N5_P,-0.032960945031458036,-0.04575543013601621,-0.006659002929539219,-0.021131594677550637,0.01481226704536642
N5_Q,-0.006424154604488074,0.06161528945397084,-0.021429506478620096,-0.015485690615115783,-0.02014434575059426
N5_R,0.0031685111774720923,0.0305076038516032,-0.024133520597865814,-0.011387429169516778,-0.04044135368085811
N5_S,-0.024691543885110044,-0.022580378210247325,0.007518854220329636,-0.002968334767571553,0.04014667465054247
N5_T,-0.0033482878178838706,-0.018594368648491563,0.01750768410195642,6.524178699551172e-4,0.009794797913700172
N5_V,0.011854132487118705,-0.031274113291082775,0.002599100749348161,-0.0035358518788340685,-0.01984062019297636
N5_W,0.009541201248264729,-0.02370276869692771,-0.0010933088382523418,-0.004809859602137574,0.0019841084454989117
N5_Y,0.0204494427959229,-0.019513477854402963,0.026951709607895374,0.011139228008392099,0.015631511241378855
N4_A,-0.008193815962329301,-0.0033669626270081848,-0.03439862254281805,-0.025107541702002578,-0.08559748670375346
N4_C,0.015158923332879997,-0.022808538105039283,0.007479484837719252,-0.013839580047134781,5.248317442082661e-4
N4_D,0.0010926336211238943,0.028936014576805114,0.025704088172856174,0.010084119321666798,0.017345674789733666
N4_E,-8.494495573419909e-4,0.12476741499457213,-0.02120532222298978,0.03516718503901159,-0.030470983773475957
N4_F,0.021341037773153246,-0.040447730288104854,0.021885133426545616,-0.0016210108532483986,0.03626907042076256
N4_G,-0.005718701897653432,-0.04641652883055419,-0.004160680722887567,-0.014940927652265134,-0.018870843554942025
N4_H,0.0053323088040276205,-0.012844357820907266,0.011085926211161938,-0.017270749187304524,0.001565090140548636
N4_I,0.02077361601195529,-0.02166737855483942,0.05159405162368479,0.01053278710201736,0.043961055444510885
N4_K,0.0010106269357691555,0.07643797802740711,0.019263037414587684,0.049357349306128125,0.03135308132401528
N4_L,0.01624934911833976,-0.04799055045400982,-0.028529455425606386,-0.028211497316624704,-0.007116365137275959
N4_M,0.002294223752154901,-0.008540789874706713,0.0021256803377463058,0.022480108370270518,3.083668931693359e-5
N4_N,0.0047268890338291155,0.0194243332788468,0.037354588260245424,0.019904649114591978,0.025894356376474813
N4_P,-0.03576145991719688,-0.05685404755455963,0.0044250316315056284,-0.02287172217297713,0.008073581906340405
N4_Q,-0.00695396275191739,0.05049914472681083,-0.023985065498182093,-0.02438560781756907,-0.05087982702216531
N4_R,-0.0016198184115112989,0.016603933995082636,-0.035195516409282875,-0.012188344204535106,-0.02351173196816977
N4_S,-0.026820255143253587,-0.01566327102044151,0.015101566452595652,-0.0035689901967417424,0.03887235862325873
N4_T,-0.006444074199224658,-0.011217754703486578,0.014921365314914399,-0.00506577271012337,0.009647371500743887
N4_V,0.012623164374985793,-0.03082021054822386,-0.01078331223436607,0.007259546788644957,-7.736240850888562e-4
N4_W,0.011650184242452446,-0.025190335120022448,-0.006914133573571149,-0.014061612024505139,0.003637387190333711
N4_Y,0.01962266083737594,-0.019859854396805234,0.020125348818887258,0.0032536586193784274,0.041349459853851536
N3_A,-0.0026801058237750607,-0.018607684370759676,-0.03518180427341843,-0.022637036194949375,-0.07204201461781652
N3_C,0.015603513597680849,-0.017640432710787784,-0.008046636576206601,-4.829381769878348e-4,0.015275560852369937
N3_D,6.120713330597899e-4,0.021542001391979034,-0.005616186844919454,0.03203483348798158,0.041788269486376574
N3_E,-0.010579372752555712,0.11191601629446722,-0.006924370723216335,0.0270025600681338,-0.03519097168006022
N3_F,0.021772253224954387,-0.024663735924578052,0.02056198169311581,-0.02007417041294669,0.045747179705471513
N3_G,-0.00483082299992392,-0.061810502449108386,0.003395712223470232,0.002704312636178992,-0.017193588935371665
N3_H,0.0022030836019699468,-0.0046166726743690385,-0.006338965210877972,-0.007105841918738208,-0.00849631968119743
N3_I,0.02544691241185675,-8.224481023683673e-4,0.039300536896647684,0.027104221966751045,0.03311186040512685
N3_K,-0.001228312412318316,0.07190184190582,0.024407814834621552,0.031912162525587755,0.026838234534280712
N3_L,0.015945492426988506,-0.00565469306267068,-0.027753351549466634,-0.04378193771942388,-0.02882883616645946
N3_M,2.815120856288156e-4,-5.451807748978177e-4,0.0044427585486022676,0.02436157366292068,-0.006014708623168869
N3_N,5.468263406024652e-4,0.005510669634389489,0.012082349264879907,0.025949762662634768,0.029138815901331785
N3_P,-0.043086382457244506,-0.06879410285982253,-0.007602935777157497,-0.018047765628214137,0.013251944983786705
N3_Q,-0.008815031120003687,0.04095728757659875,-0.006578447969952602,-0.012495830276190034,-0.024773621663508674
N3_R,7.319651724201568e-4,0.014540865030610788,-0.031203814060736697,-0.007918639904429082,-0.01545596259790589
N3_S,-0.02544525303692417,-0.031101506439639715,0.02211274775405385,-0.011971825054439427,0.028700491872794873
N3_T,-0.0037724304060669472,-0.007299902084753087,0.01479273750924807,-0.004810355076744839,0.006983516675057279
N3_V,0.015297009445091766,-0.02752338182445424,0.017552184150426718,-0.012090953447198103,-0.0050058738050301746
N3_W,0.01009813501916048,-0.025013606612013132,-0.009066389053108853,-0.010343021631394689,0.0014869062481196653
N3_Y,0.016962935418767,-0.005723132880724391,0.02060393764946392,0.010315226761969987,0.013316405101376749
N2_A,-0.010162596022920476,-0.040211456695107464,-0.03372566267533851,-0.022624994796874322,-0.09841881023800543
N2_C,0.0169317492375123,-0.00800524640939507,-0.013425035053505691,1.6074024721524904e-4,0.007600186944694229
N2_D,-0.0023936534005323013,-9.811068946566533e-4,0.02577098861143961,0.0156898365456882,0.047689474942432725
N2_E,-0.006708926561707958,0.05738739218284106,-0.0072171198900600215,0.027783468735551924,0.030129609762179346
N2_F,0.01937609110537081,-0.02664193884100054,0.013042945338915885,-0.00706020928502986,0.021976219295176094
N2_G,-0.0026288851314152117,-0.06688546495140177,-0.0043601157236092414,0.0016868347022688658,-0.012528575809206842
N2_H,0.002757048690121259,-3.0698355264134467e-4,0.001042277253723738,-0.021538706625603112,-7.976601850711353e-4
N2_I,0.023155770738772317,0.04199819869465545,0.020835327098711883,0.012405046516504255,0.020613770753673825
N2_K,-8.874822975505935e-4,0.06458262227997737,0.026691301941023753,0.05603309328894742,0.024797583282722052
N2_L,0.015572495484486018,0.005680562875155176,-0.039516674681711605,-0.03500028950258502,-0.04929337871766254
N2_M,-0.0036593237460460534,0.0033613054641787265,2.039218168102354e-4,0.015906796733078835,-0.00324251241967249
N2_N,-0.0013399804718257763,0.04386701961351374,0.014099432907696025,0.012382183333009032,0.028767075244691045
N2_P,-0.03609089343795464,-0.06278088263413437,-0.0017284731605718743,-0.015241251344488338,0.022137504363754126
N2_Q,-0.009103600675690306,0.044043985337460206,-0.019191381274278618,-0.027905442462839134,-0.018976902397116708
N2_R,0.0014998642492356873,0.028463066214308306,-0.014191062088676008,-0.0067874712246898845,-0.027146852092625455
N2_S,-0.025563456489410826,-0.055468316465294855,0.017860229733310293,-0.002155930762322567,0.04767536617515908
N2_T,-0.004472047882271405,-0.02632088605272788,0.027002115750329264,0.0067173099648413555,0.010472880764895692
N2_V,0.015030908733941724,2.3567571323271418e-4,-0.0010446016330394835,0.0032390594772562804,-0.032093387619046926
N2_W,0.009741279771140665,-0.008007340912369945,-0.0011356686297495867,-9.553333875573362e-4,0.017431844361155985
N2_Y,0.0197017595021658,0.0024682128227563153,0.027878157116503027,-0.013943571905466514,0.01923302686388305
N1_A,-0.008661631505164587,-0.018328276063377492,-0.03332420909107985,-0.01770899713189049,-0.10980079231245411
N1_C,0.01247079048344067,-0.01962856659144643,0.006824057320842505,-0.010789819183310827,0.012986525585920268
N1_D,-0.003758259928108577,0.03809195199157463,0.022783656244006988,0.02201398118688158,0.036643245564639194
N1_E,6.268752416796303e-4,0.09239737380868909,-0.016248031407712114,0.008259318444979622,-0.028606932353931094
N1_F,0.017671647827326876,-0.038707655493637694,0.016017079394469863,0.013147446438321574,0.03951217973790396
N1_G,-0.00734452619957373,-0.04221136902350308,-0.006234668020827915,-0.009378778100383898,-0.007973788396922471
N1_H,0.0017811398503994461,-0.003990933325129554,-0.0041463156249846155,-0.0052255369720135905,0.011275031092672411
N1_I,0.023447379695197067,-0.020394605338634884,0.054442310863180216,0.020655866201046775,0.03186990655451326
N1_K,0.004086000912957416,0.09159587822025526,0.029528727458454997,0.03267926885406528,0.02803035533780688
N1_L,0.016129259865875035,-0.05353047004520297,-0.025856261523301373,-0.011015716353841293,-0.02954395769827842
N1_M,0.0012847484098960048,-0.0028915323396994028,0.0012150786439347212,0.015282365800894506,0.0027615386079675843
N1_N,0.0033280516298232064,0.01637309053502025,0.029096923290353585,0.025269981615525912,0.040065669231035786
N1_P,-0.04376715240118775,-0.06768412929214844,-0.010000919886391733,-0.03872097222867927,0.013617030164991566
N1_Q,-0.005183678730119113,0.06219294894165045,-0.024272302049405167,-0.026351036134042792,-0.025774134041888264
N1_R,3.830407179810446e-4,0.03126893387546895,-0.041933783122182045,-0.00167475714078596,-0.03541118394761746
N1_S,-0.027116470033956164,-0.019860354460154342,0.012372005368619484,-0.013362295020611934,0.04515243904275311
N1_T,-0.003030446691684231,-0.015011950332885788,0.011433311817997026,-0.0032482129537492774,0.002035487630831358
N1_V,0.01352002020907016,-0.03381953131777408,0.00486473641350805,0.010700375712990585,-0.004968095508370405
N1_W,0.00974094011329975,-0.025891802655709242,-0.0013632458730206119,7.222315300064283e-4,0.019112462786698727
N1_Y,0.020836301624888212,-0.021311288268049986,0.0130023199813529,-0.001564162777010263,0.036804895289542096
P1_A,-0.009152373144892072,-0.031022966827635938,-0.04485583963299787,-0.027413306244447436,-0.16595118847708543
P1_C,0.0016055149014417118,0.0022390657734293047,-0.0011151162979813121,-0.007403187081324754,0.006249977613361881
P1_D,0.0010464214847491313,0.0035567169160859247,-0.0015970402005919336,0.010734835796167682,-0.005516436578948035
P1_E,0.0025891899378941677,0.0220288775798286,-0.0029750963507986445,0.014114578952959528,-0.017963340193726213
P1_F,0.015753421799951237,-0.030179692295865746,0.029952421558894646,0.006782201681492985,0.11057910146067176
P1_G,-0.014673938558705305,-0.05065352546806198,-0.013613505822532622,-0.024278874259997963,-0.04223908216613217
P1_H,0.0055450369011234785,-0.007543625132870287,3.130243454050804e-4,-0.02291369901287332,0.006961893837617052
P1_I,0.015531044473430207,-0.002697686687011615,0.029990296908949544,0.020852041137533327,0.09065643358342275
P1_K,0.0034144376204934277,0.12053255843343383,0.05063068313418858,0.09639059257002448,-0.012051442023278429
P1_L,-1.3519424235080728e-4,-0.021919666598713763,-0.05502038004372104,-0.0635105665406597,0.0350321409474397
P1_M,0.002074869894940164,0.0037213635039521973,0.014855906433059465,-0.0037774302876170626,0.015306926163113412
P1_N,0.003267769099065773,0.004365134844785285,0.020479264397746878,0.026075204949372734,0.013165875581017525
P1_P,-0.004862879351961912,-0.0065081739178086,0.0015429093683601348,-0.012887365773669997,0.0011347231833471621
P1_Q,-0.0017707922189316224,0.05167102161734466,-0.011060739223681329,-0.021241753734078335,-0.02546528820564998
P1_R,9.759676705860396e-4,0.033729608619921844,-0.031003879041722703,-0.006091031706814091,-0.07543889877551249
P1_S,-0.03858130201379614,-0.019290979082569274,0.012067405592208537,-0.01082277253665932,0.014671070065258933
P1_T,-0.0022199882688115594,-0.010052048407521308,0.002518650084054182,-0.007769089749034158,0.007675277789683844
P1_V,-0.0013462439045621164,-0.031709844905995814,-0.022486257321084398,0.0018507590856260484,-0.004533826642263352
P1_W,0.004927914998459494,-0.002852655311144418,-0.012553752892940553,-0.016757391697257405,-0.012779737973010333
P1_Y,0.03050805159654382,-0.017262053500165277,0.027311090757309968,0.0165321358380931,0.07733176571148538
P2_A,4.820507548405664e-4,-0.036299135051972,0.045328289193182644,0.08820842192194848,-0.0450876876085653
P2_C,0.0032411673274228047,0.005970102999593255,0.013437963798237383,0.016508981000561054,-0.011740197442655014
P2_E,0.0020280047375134673,0.0011994355313656852,0.00984553888983811,0.0223186304618922,0.004275596975466589
P2_F,0.006794717635156372,-0.0015955815627712393,0.03361093658091544,0.03450130590684391,0.04818209617262084
P2_G,5.687420691348744e-4,-0.009805822828620381,0.020955465871129553,0.01097979872229892,-0.006578886747817013
P2_H,-1.1484057028820776e-4,0.001248490399276923,0.010097745958355407,0.005366575239640644,1.3549566067090334e-4
P2_I,0.01952435142031343,-0.02339308807237991,0.16580036336940682,0.18392312935164332,-0.06567963943267048
P2_K,0.0010002281966416283,0.0031887543875208737,0.005356184873717421,0.007250301191755971,-7.683904734647765e-4
P2_L,-0.010716609690150895,0.08338667483633211,-0.33012920053208006,-0.39319128457117525,0.18294007009790664
P2_M,-0.0040582005412228015,-0.01642394584627643,0.13436486798144698,0.12329161384864436,-0.03253674882912439
P2_N,0.0013132461524703156,0.0018958859950747458,0.013152276946325866,0.004347763841723319,0.0030465022504766073
P2_P,-0.001777272824805066,-0.004327327360983789,0.012249358139096308,0.007657049795356928,0.006123147640452235
P2_Q,-0.007862821681329143,-0.015702488077272935,0.07790721393282471,0.12915956177684684,-0.054754300534625655
P2_S,-0.0046774568171425055,-0.018061892501018806,0.04624680310542235,0.060632966095011086,0.003824882194137477
P2_T,-0.0025550371649199644,-0.02774454753032691,0.07956219019161515,0.09531075866156126,-0.03258860459727598
P2_V,0.008042284554525866,-0.05956983572886957,0.12698915915527512,0.16429120224454952,-0.1586420570431484
P2_W,4.464406435455893e-4,0.002158516070053872,0.012406258629765188,-0.0010972875656299695,0.004279738468326167
P2_Y,0.0060942856239350205,0.008231725024654817,0.020221952929460756,0.016990115547188312,0.020005264498792138
P3_A,-0.016376117088169485,-0.028485591933163256,-0.044098640303742075,-0.02179010200476548,-0.11111493673056061
P3_C,0.007408432806222247,0.001606881631949869,-0.001411129631906572,-0.006382934234142756,-0.006171896014160078
P3_D,5.002583702244046e-4,-0.007291696542683055,0.032253520286916026,0.030821083528978575,0.15392187154595854
P3_E,-0.006113442750121796,0.060631338745407444,-0.004543799362656382,-0.011325645724428443,-3.083142033892257e-4
P3_F,0.016724386344160135,-0.037920532598982884,0.029605324412152068,0.030391661604058484,0.031251658102865405
P3_G,-0.006263514931132618,-0.05147618787305022,-0.011003929233615982,4.2721554333898664e-4,-0.02713485477032965
P3_H,0.008788529990530668,0.0011256454137720572,2.8714530519184704e-5,-0.01862227487545154,0.008778195219422386
P3_I,0.021006423680475155,3.773177201674189e-4,0.061238058634166335,0.06676455340588705,0.005324054882548634
P3_K,-0.0014547562692640813,0.08727539254001532,-0.003544371724582541,4.758924767407394e-4,0.006081009256125494
P3_L,0.0076167500615810894,-0.011482331055719736,-0.04832124099024831,-0.022128403893133666,-0.08244682508038688
P3_M,0.003877254116050425,0.011229489636861314,0.03185380128019617,0.0284855478854299,0.004544686851577383
P3_N,0.007114749294123259,0.02549595971931275,0.037084879463669965,-0.0011529366792854842,0.05087798089953548
P3_P,-0.04294078787577109,-0.06380263623826109,-0.00726832825878338,-0.019245797849394643,0.022300896765890914
P3_Q,-0.010036153891273675,0.11252957911359732,-0.05579128072750969,-0.05120007198956284,-0.03310935499831895
P3_R,0.0030341382387617786,0.04863705987047135,-0.03927342614354462,-0.02431157379468704,-0.039612683033252674
P3_S,-0.02246399048950095,-0.004005564972624806,-0.014681718368093555,-0.036152454370915736,0.056060975122841944
P3_T,-3.799664285959154e-4,0.01022652590730652,0.0020511594145892595,-0.0086854309079324,0.022619996542335197
P3_V,0.008113137940993068,-0.014532634154347591,0.004173694836413197,0.015142579879104848,-0.05493854916807107
P3_W,0.008943053086595255,-0.0219634659453274,-3.453810833332402e-4,0.009718459547527977,-0.012958283795834765
P3_Y,0.021230923593042204,-0.027260547657333104,0.034190702846594735,0.016340114455982362,0.0015445773761896305
P4_A,0.0013847686161747794,-0.018455206782863193,-0.038950127026223275,-0.039984422489799804,-0.05095505139369428
P4_C,0.004158874517199615,-0.00193382461481949,0.007287684359294072,1.0638110776828107e-4,0.009338298084640869
P4_D,0.021474470697965934,0.018260439561563913,0.04447742754488082,0.057395106169857026,0.05788387092319382
P4_E,3.1362994922957e-4,0.16976956368269946,0.010813668921283381,0.03889536027080592,-0.05146764895929041
P4_F,0.00823074528002992,-0.020891357804768886,-4.6220688319930476e-4,-0.002938111943850247,0.023665820997941286
P4_G,0.01084383062799763,-0.08075375174938473,-9.016041921372544e-5,0.012271384518265177,-0.06976719938117971
P4_H,0.006489802994553732,-0.011286236305608228,-0.001487836283103622,-0.021625028699454745,-0.005629028364704996
P4_I,0.009329999661380876,-0.013953379669596507,0.003882794922531866,-0.003929155208088374,0.04082495994209778
P4_K,0.006704080291785958,0.04890235098171664,0.010494508098495453,0.023756735686909183,0.019164721902877067
P4_L,0.003454599517144311,-0.02499063326635933,-0.029075941007634096,-0.020728038845370386,0.013132988403369633
P4_M,0.0018887475091727544,-0.011443154997030438,0.009776377658074412,-0.010294095716027333,0.016750842632780035
P4_N,0.010105855693376579,-0.004025665732145534,0.023126448823888365,0.008951200231118695,0.04905866088165144
P4_P,-0.05201919402186835,-0.12676924504949585,-0.006857044218649089,-0.02785066327807292,0.01518570296296124
P4_Q,-0.003111100692371017,0.03964919400627883,-0.020795167011146885,-0.015956632380783146,-0.034780250967042896
P4_R,0.004476073055907863,1.4689029165246861e-6,-0.034103986357193104,-0.02643485521383395,-0.03255816416920175
P4_S,-0.016076573725003963,-0.022282480201425186,-0.004958258183474848,-0.023547035297959252,0.025613848103647842
P4_T,-0.004501296408526278,-0.028636404849081948,0.0028572510010983283,-0.018338241486937006,0.0015555539715988705
P4_V,0.009424177444858874,-0.03031583768937678,-0.01841609265318836,-0.013666430242428678,0.02184414902990107
P4_W,0.00862718728150816,-0.017702793110576737,-0.008942597350204202,-0.024359749933869003,0.018536685328901646
P4_Y,0.01092420971302771,-0.014414515610901978,0.00230577214035834,-0.010498037712730841,0.028195093509927924
P5_A,-0.004996583807247786,-0.02155724586933627,-0.03054615383900356,-0.04262146367962282,-0.07786204654262761
P5_C,0.0068660596538432875,1.7563506899596725e-4,-0.0018327504223349734,0.004914314600263694,0.00578430908640403
P5_D,-4.951516418460757e-4,0.005771933112441332,0.00594523842737202,0.016503764404646945,0.02457065316436858
P5_E,-0.005740678243629948,0.11556675790115001,-0.025037424457329104,0.004284726541122943,-0.05206196949361168
P5_F,0.014189008791542357,-0.0149162223010447,0.015339713827631305,0.0025198074904120584,0.021066882942326243
P5_G,4.8668328903924633e-4,-0.07071820730776039,-0.008233720460714085,0.019629689597488873,-0.004777734384560658
P5_H,0.013178656986443061,-0.015483027810396456,0.005748155729979378,-0.00616000288904058,-0.01377346613106478
P5_I,0.017005115416828826,0.015258688739084019,0.04588457849263045,0.01978577943098466,0.08103274160858114
P5_K,0.00245182163874743,0.05376725635086038,0.038238818589265595,0.05677079515485342,-0.014087224037708623
P5_L,0.01082667669922881,0.007556816129918523,-0.04644372351034807,-0.050869248607607366,0.023779947057345662
P5_M,0.002661251616454575,0.01181401125859686,0.016289635442615465,-0.011382699446457957,0.012105401064041323
P5_N,9.679452922480775e-4,-0.0018861178425437605,0.03238457698036696,0.03290400221781411,0.030461016549856192
P5_P,-0.04674675774468605,-0.08072694681616707,-0.005433660508644932,-0.026468014347738066,0.02178797849733373
P5_Q,-0.01215462907434474,0.050289916612452974,-0.027982675502236282,-0.026216916111369344,-0.040207583921718255
P5_R,0.00265466808688473,-0.006063886711054134,-0.023649887352361912,0.008196757366337756,-0.05826934406477825
P5_S,-0.02158843238963502,-0.030143410251434105,0.0020090959790313593,-0.007694625928668819,0.03490744515506367
P5_T,-0.006513956367739981,-0.010198103293064106,0.01404151712699207,0.006630289307280352,0.0033258911661858577
P5_V,0.0074160616518479695,-0.03064250872591664,-0.0016660354079021183,-0.005743358545161859,-0.00430972997401818
P5_W,0.004951373281093603,-0.006135301032878655,0.003108262706163039,0.003312522133370972,0.007446562943228682
P5_Y,0.0185077006567896,0.0017780438302842315,0.015706926902827944,0.01239179266651265,0.013149312869409359
P6_A,-0.004868885167509952,-0.014054042770372564,-0.03453623124818441,-0.01301273089754466,-0.01596098278276341
P6_C,0.009080732955291049,-9.278640788149533e-4,-0.009205832196654412,-0.004756057411041446,0.017997292838279715
P6_D,-4.16579119380601e-4,0.002785847662972662,-0.013621297135704969,1.8948147918497783e-4,0.07384453348868791
P6_E,-0.0035147019302185487,0.056482045790452434,-0.01842969181295055,-0.0026283260233148937,0.05432542668467085
P6_F,0.017084272690002886,-0.016853236451244383,0.023804295807518437,0.014143617696578112,0.028443809657071367
P6_G,5.567482358747615e-4,-0.035183232839412514,-0.021755196424566244,0.001833903050560085,0.024802478565135018
P6_H,0.0065640445098215676,-0.009370236571874456,-0.013263186957117444,-0.004254586371392414,0.03048074074070308
P6_I,0.027184657815261474,0.03126963897705465,0.07931905831825721,0.039187776503483505,0.010121782459236008
P6_K,0.005941339403549407,0.03509203261545202,0.0036698769849222526,-0.005006303268574778,0.07132866324595458
P6_L,0.010781719448960852,0.03775042932185338,-0.03452862223293533,-0.034204302952915086,-0.16556757311182624
P6_M,0.004950971057369096,0.012575302582175376,0.01843033182543566,-0.010507113863872816,-0.009896123357849973
P6_N,0.0036308513425062556,0.03297673976933758,-0.0015098881418316036,0.006316066440347389,0.07453059360653431
P6_P,-0.057849503239734944,-0.10615607577149513,-1.8122587151245845e-4,-0.015298552779094208,-0.010585260100153497
P6_Q,-0.011725073008423305,0.04779057988998527,-0.032990261492266366,-0.0354220745276445,0.008379843819637668
P6_R,0.009274797347893708,-0.00670870084111118,-0.02948667133240825,-0.01947621456129526,0.057412298011095333
P6_S,-0.02050925885144656,-0.036869890475489775,-0.0024171582153318973,-0.014709599615085896,0.0731064898411539
P6_T,-0.00875388889401895,-0.026922731961221726,0.012025921915499256,0.019755311807933967,0.05050149626673263
P6_V,0.0058973007450743315,-0.013603317349931561,0.012278766877720934,0.04195816712747692,-0.1039877311884242
P6_W,0.005669008336402321,-0.0038957716168750646,-0.0036074548548827193,6.0013484684979587e-5,0.015580777088778426
P6_Y,0.014433120257484172,0.01126227968742921,0.018856133596122746,0.002516471741785508,0.018680530075138136
P7_A,-0.013565435435250907,-0.0025080898919971153,-0.04440132622860114,-0.020055528841717764,-0.10352725255400816
P7_C,0.006850295303463199,-0.008168571753886755,-0.00878934281940001,-5.842884120214943e-4,-0.007278919759966203
P7_D,0.006337298051659906,0.03974571572902743,-0.0023596622700428733,0.0014025671917183007,0.003626093050686566
P7_E,5.270603222636177e-4,0.12544099299521444,-0.030207628278816838,-7.676792519595904e-4,-0.05596616581551088
P7_F,0.02040765221227563,-0.04236196752652908,0.031636644861956165,0.031136030835788323,0.039464641817398845
P7_G,-0.002923772506468839,-0.010033250297943908,-0.008910681070186605,0.0052932866761394234,0.0017575494442198174
P7_H,0.012998359204275377,-0.006198373495246705,0.019729113201189988,0.0010106517840320587,0.015516561274474148
P7_I,0.023500204284330427,-0.013321640867471007,0.03291918001327841,0.0238241419750926,0.07375348487346196
P7_K,0.0029386417100870895,0.05371304883138719,0.027205211240505903,0.024478516577260814,0.008828949028904522
P7_L,0.011576481259228671,-0.04537247158466999,-0.03664576589040641,-0.006334760852576141,0.0028272163385383003
P7_M,0.007106699952500417,0.0060788988343749555,0.015637686316655585,-0.00558954704158856,0.013949202251243227
P7_N,0.0015809686306376524,0.035545289213943676,0.01458773561376336,0.007094149307602791,0.06429121792982652
P7_P,-0.06346368571765049,-0.08631054841843558,-0.003253139217116678,-0.06097123029660445,0.006799339459884467
P7_Q,-0.005157992465082756,0.06696093171980877,-0.017145155326597192,-0.029560728789634765,-0.05481907330217744
P7_R,0.005589436378165718,0.02542349008949939,-0.016086214808619995,-0.0016007866035024987,-0.0390306019372579
P7_S,-0.02095465668044122,0.009361298748162753,0.010743324368581249,6.834243425478309e-4,0.030921592734368602
P7_T,-0.00665437079323498,-0.015545605278748624,0.017095334700292338,0.01273240281885415,0.0178154585830378
P7_V,0.00934678968545213,-0.048405456396897764,-0.0015196081714083493,0.02474909309175231,-0.010569269742933944
P7_W,0.011255422891261089,-0.02307999270419616,-0.010791439104805966,0.007681950126445809,-0.003064935101615276
P7_Y,0.024170204339519098,-0.019227079069310753,0.031162855062216797,0.01577318946658014,0.025818668731556825
P8_A,-0.005581869999136843,-0.0407472873470385,-0.042400125923693834,-0.02392963126412571,-0.1392041497633033
P8_C,0.004476520930522047,-0.008097471381330261,-9.451730800836066e-4,0.002368446819898735,0.010191094118672247
P8_D,0.002634532903764248,0.01610033613167289,-0.004440628538635071,-1.5487080938883928e-4,0.009398817978319872
P8_E,-0.001711610578547276,0.09664129132334615,0.008840004393418891,0.022608952428576672,-0.051517803210287524
P8_F,0.019841281853418588,-0.018780678788099928,0.007393313502447378,-0.013514549906254326,0.08988149696476198
P8_G,-0.012381001843867487,-0.062092144878603185,-0.005480737003721335,0.0057596747453225764,-0.031104667391045473
P8_H,0.010232762847834486,0.0016011692869884826,-0.0015777374886821406,-0.017549444413764735,0.030997448314852
P8_I,0.010904022528851014,-0.005990043083009126,-0.005398482389121909,-0.004419162506059775,0.05048238887649671
P8_K,0.006744617544711397,0.08634784326285096,0.0465284446864379,0.04959954587705577,0.004419592184937302
P8_L,0.009206697426954407,-0.031422374477299085,-0.057647519759037515,-0.03853504487343217,0.06592726542022606
P8_M,0.009182444465422894,-0.006437558394769374,0.0038671441380767105,4.001701046879682e-4,0.009275980055445656
P8_N,0.005880391814644795,0.006532173962318961,0.023400020312415327,0.029196158431946746,0.04539325118573773
P8_P,-0.031781498160270684,-0.045477311224699966,-0.010839353450669342,-0.01818200044139669,0.002484124956791565
P8_Q,-0.009634630414017051,0.052486111728855124,-0.015941182704952834,-0.017690981184726,-0.06102599512921718
P8_R,0.008201772711883593,0.02398347536066538,-0.028695829243147262,-0.03563087953478756,-0.03176972921431816
P8_S,-0.03395588787756579,-0.037670522821633835,0.033060085894197996,0.010403778575428521,0.028820024301005918
P8_T,-0.007353467690646573,-0.034056735343868244,0.033215868155150624,0.01741331868929585,-0.006447559577920821
P8_V,0.010289951590222125,-0.03537966198645165,-0.010225444971342618,0.002050404388850995,0.01740517123821128
P8_W,0.005656516963437588,-0.01157303743485227,-0.00823545871676894,-0.011571124679205513,0.015427683542804825
P8_Y,0.0261660670627425,-0.02155498193617405,0.016558594481630766,0.015631327264589358,0.06599375631815606
P9_A,-0.02337059365083298,-0.02200392178375556,-0.04889818773583446,-0.05870845215236609,-0.1199887336671673
P9_C,0.008627990181368868,0.005430966176212213,-0.0032462829203186664,-0.01422213290825672,-0.005320133261047071
P9_E,0.0020911210355873933,-0.0011477198897024805,-0.005209869775762539,0.004244346385108351,0.006978660239709263
P9_F,0.008685452297497336,-8.681068887624339e-4,0.006616623755278661,0.01107157229288528,0.04972039888891436
P9_G,7.664598922310234e-4,-2.841721940242111e-4,-0.00685031984338185,0.002089032219160101,-0.004074726278918079
P9_H,0.0027260748798461666,-0.006842687664488423,-5.481318058832733e-4,-0.0012643919072350166,0.009987244940410173
P9_I,0.020172383589463844,0.023358172971017496,0.059348403622306804,0.03098930904598403,0.08073356489478462
P9_K,1.079079659254723e-4,0.00717343512223235,0.009160290900124065,-0.009375716595211057,-0.007431177807362736
P9_L,0.007753648702552028,0.12530502525412696,-0.15349662786120027,-0.19223595101136293,0.27871418490827754
P9_M,6.848820996156005e-4,0.009858209022217028,0.012885631453341017,-0.026777673264974877,0.04574049544059942
P9_P,-0.009281714223661894,0.002191692778095969,-8.594310500676503e-4,-0.0022408644984595245,0.012232625210648846
P9_Q,-0.002724284873763048,0.007067732145910512,0.007046935620356396,-0.004642042779526251,0.00386667128340138
P9_R,-0.001059488680446031,-4.036963506922102e-5,-0.010339450508867552,0.013806857625004703,0.0026668455301895673
P9_S,-8.207993813268281e-4,-0.006676256709076571,0.0021653130098220697,-0.009278871637291556,0.010383762562011229
P9_T,-0.0024386892323935597,-0.013960650734046757,0.0015689782273105588,-0.01342217390396596,0.04395908291180172
P9_V,-0.008909037929189498,-0.12754980745942285,0.13995578816304094,0.2197667052607688,-0.29446226186505187
P9_W,0.002823169718573191,-0.00177274019562581,0.009429391370211343,-0.003889103694334731,0.016245570820213797
P9_Y,0.0037181566070199536,-0.0027679204904882348,0.004641992030933066,0.007720673940228251,0.02340492419750783
C1_A,-0.001591621640501167,-0.037873227144155565,-0.030907315706262047,-0.03435580370703263,-0.055960709048039535
C1_C,0.012523267062275698,-0.013921451213206242,3.534457736667496e-4,-0.0031331450215396073,-0.010166936930723186
C1_D,0.0030472829659047313,0.0031839933074688594,0.011188518352626598,0.010724139621592063,0.03427386279601624
C1_E,-0.009668877158788163,0.0942689966305038,-0.008277368591102235,1.4095778152248202e-4,-0.008149614901074355
C1_F,0.024410055809559027,-0.03804883852633037,0.011726658957306516,0.023748931136708017,0.03785205348557759
C1_G,8.04199084138703e-4,-0.05759233573072454,-0.016509542047768735,-0.013259129916725046,-0.014674084640394928
C1_H,0.006906199079309715,-0.006759593303851297,0.0033102339317845246,-0.015076489089805413,-0.00873233848954545
C1_I,0.02146234358709667,-0.01945077673379551,0.04087298781487684,0.030326513557739656,0.027984115833699554
C1_K,-3.8822347522561893e-4,0.10768419965554417,0.026954216787981197,0.04725886560772659,0.010330150807494276
C1_L,0.012268196942611994,-0.03326817076343794,-0.03685630163635683,-0.01538266445186231,-0.026320537792377707
C1_M,0.009348090343075988,-0.0033755530879742653,0.02946586452887318,0.009510553936979789,-4.5537093814606455e-4
C1_N,0.0022441692595342134,0.012368593659194332,0.025379046627035936,0.03508065364683203,0.030359838910619837
C1_P,-0.04653016425971106,-0.0648037841908871,0.012758686287769197,-0.02955545271249982,0.02574249229515434
C1_Q,-0.010525287459338178,0.06883825993238359,-0.02484799518933401,-0.0250572780083076,-0.02531590624336981
C1_R,0.0030177649162177514,0.053933924298525546,-0.03145977577136832,-0.02745469689231978,-0.05137807047290665
C1_S,-0.031871213356885454,-0.011992662289144357,0.010681518964687702,0.00403954493333684,0.04645519299577449
C1_T,-0.007055874389546389,-0.017861217207154313,0.014957842665317155,0.01002418069908755,0.02783632462515781
C1_V,0.015262974514172757,-0.039548591003509645,-0.008453031197932595,0.013986514980882835,-0.027379015683513957
C1_W,0.008780047855424909,-0.015942260529467178,-0.0011461411593137296,0.0033998436986144302,-0.005000239409771046
C1_Y,0.015758913665058532,-0.010542384190122303,0.006073120154499461,0.006454955502655516,0.02906779554457289
C2_A,-0.008714927246110137,-0.005535621014740268,-0.04438546233456916,-0.027363889400672466,-0.10909943636954797
C2_C,0.011606735463241978,-0.030138558147416176,-0.01373983132644038,0.006082441965182966,0.002596990395624989
C2_D,0.010500586169459949,0.02555241771020779,0.008281079126526382,0.0209426990182966,0.023807091013887845
C2_E,-0.004584942343388771,0.09955016564444862,0.002972374584986591,0.028207501176698804,0.011099769853939461
C2_F,0.021256698573727865,-0.03640636394792271,-0.007878141478068949,0.009974722044840486,0.050435218518998785
C2_G,-0.0052136279387592415,-0.046645891138147585,0.0059660043688209525,0.0026523411701062523,-0.06011416649326923
C2_H,0.008800354970474449,-0.002772964478854517,-0.0038307964795559163,-0.009063891460929322,0.007533843751767497
C2_I,0.019703144434704264,-0.029949206898765245,0.028183484047518623,0.019135769043467116,0.032637613356242504
C2_K,0.0028478976952293136,0.10131323530599032,0.03472525088833157,0.029611152134546074,0.023076268016169896
C2_L,0.006552594496159516,-0.05217096727930978,-0.04358741200977426,-0.02397569781669145,0.003907731506447199
C2_M,0.0055788077859673085,-0.01077839406991607,0.017096713021602997,0.008793033883038868,0.0024771877883136076
C2_N,0.002350669662705741,0.0268392655223736,0.03599560070026033,0.017677413705772548,0.053825068711122415
C2_P,-0.043695545087002505,-0.06525876229404179,0.007841385258130662,-0.04587265230788488,0.038700431698926056
C2_Q,-0.0013517525998576804,0.05658988319175805,-0.0180369381870598,-0.008692883997110112,-0.0319367390439464
C2_R,0.002075691330647432,0.022805917762962674,-0.034776689488698664,-0.02382534965579965,-0.05755771982580208
C2_S,-0.023487032072530015,-0.005081157554256773,0.022022837689196616,0.0021987866018021566,0.03309998966313
C2_T,-0.005535401435870232,-0.011957420464294486,0.021691526217252812,0.008384609856286099,0.011652028087118831
C2_V,0.008000689151024181,-0.04077400798978314,-0.014462047267549257,0.0068381210268072,-0.0042045388527453395
C2_W,0.008448446260340274,-0.027126350517193046,-0.008557588744836796,0.0013143379168384219,-0.014005860551632741
C2_Y,0.020983997192288033,-0.03693790062894406,0.007099419880032134,0.002895710709681022,0.028297478114012783
C3_A,-0.009563677584978902,-0.022656005062247866,-0.02966505231094022,-0.004612550250390346,-0.07230907203114202
C3_C,0.0126995329780095,-0.015619364762290916,-0.005532599919720039,0.011619677255274316,0.02672539151691125
C3_D,0.0023878882516463534,0.011311505403210577,0.014598329822461408,0.0021946342402435984,0.03858840085667924
C3_E,-0.005606415358344261,0.1079447675259449,0.005991449344906671,0.01757107936797457,-0.014649091265588249
C3_F,0.021739461325636675,-0.023139322449989973,-0.004425178991388128,0.0027041354753413903,0.020864401938762087
C3_G,-0.0037484078269120267,-0.06546608121619937,-0.016549747830900786,-0.0016537020362716202,-0.006914617527055102
C3_H,0.009755741294660124,-0.0010210451737746545,0.012304493316076859,0.0038565040033268533,0.011354817912943523
C3_I,0.01688153356960266,-0.008209150480548221,0.02140811064617562,0.03667286233317911,0.03581556974549344
C3_K,8.521059856653896e-4,0.06261851746127241,0.038405060266123066,0.031226705552600244,0.008221627408945772
C3_L,0.013579123845601592,-8.079054273166284e-4,-0.06063765181961202,-0.014854673990266876,-0.018989386482970026
C3_M,0.008641869080383256,-0.0011828971520177487,0.013148269885771903,0.0013332734844161871,0.006588027413533344
C3_N,0.0054381608395161,0.008968791433331933,0.026329921315851205,0.026477856615078958,0.041305435837602045
C3_P,-0.04331919547722184,-0.05888744077121948,0.007948711223752037,-0.03621125918589565,-0.014093824928545889
C3_Q,-0.013627396165989531,0.06442501030364536,-0.02072476964151867,-0.021239228257534295,-0.03833993649042343
C3_R,0.0015674833725807847,0.011212377029287717,-0.02505493065089432,-0.02010887840263549,-0.02997196884561618
C3_S,-0.025256676103756863,-0.026383156854005847,0.01992995604637641,-0.007566156643086204,0.03317567935925881
C3_T,-0.009791038265485498,-0.024703612054329614,0.00974070593540218,-0.007358207309873634,-7.066280103108918e-4
C3_V,0.01537742382011241,-0.02804272699155641,-0.008480845389629838,0.0029967825029153625,-0.009273402943094953
C3_W,0.011565644778946872,-0.0070485205892489924,0.0035807082173772696,0.008683948795261338,0.015401676508423895
C3_Y,0.024293252591972805,-0.01524859852436803,0.018576117864587426,0.007044093632364232,0.03196975432216469
C4_A,-0.010062307786989674,-0.04081270096247085,-0.026634277794626054,-0.02404519215179649,-0.04559881286339724
C4_C,0.01403490456016189,-0.010467304185024619,-0.008298257430340785,-0.00440651068769424,-0.0017314687487263235
C4_D,0.004366634943991547,-0.004797333490856829,0.01671863333379095,0.021744546028948167,0.02836895715433009
C4_E,-0.007062407314712209,0.05389472099434971,0.008096892712179912,0.026203152992576292,-0.003362082521111502
C4_F,0.016829684218941633,-0.026815282271601407,0.009283257905955588,0.003070860271056687,0.028299288857751806
C4_G,-0.002873203035483446,-0.054022318661974086,-0.024281781967124525,-0.004672232078430673,-0.02058561097669916
C4_H,0.0138844885266881,1.1732564320120903e-4,-0.002053352396528896,-0.00719016011662304,0.0035688162893411845
C4_I,0.017885302535765764,0.01921437535579021,0.008618934800347046,0.025157725567484093,0.0402661048690988
C4_K,0.0016429117026863563,0.07199601349382323,0.028363462165303947,0.03925454229403968,0.024739994378873486
C4_L,0.015352793923006283,0.023365388935727902,-0.049624412433860725,-0.01752123762739917,-0.050727243224345415
C4_M,0.008969677495140242,0.014628978619503555,0.01659636840847622,0.002769391985458582,0.011588198615875825
C4_N,0.005217953930213274,0.026078172795061267,0.016275061943171503,0.02498480021419466,0.03809359091010674
C4_P,-0.038314740646010384,-0.05080201637442201,0.0032865461646890064,-0.03490837241882016,5.024455603837065e-4
C4_Q,-0.011719954508913428,0.03521106413121819,-0.010967027155564692,-0.006217840238911328,-0.014379621844544797
C4_R,-0.0019649692515003284,0.021358209627886843,-0.014179162966415585,-0.014355026296081737,-0.03417378070328539
C4_S,-0.031411705151212596,-0.03405373841042595,0.013145619717924875,-0.012291802805692134,0.02633485866742161
C4_T,-0.005989699524425415,-0.0221976768156037,0.01439493251604842,0.007026734044839001,0.011313096165555155
C4_V,0.011176498920977732,-0.018235734523889328,-0.007188037169138417,0.008911793883520291,-0.0016105308872150388
C4_W,0.012709753610706032,-0.020058801121617217,0.001550207568118705,-0.003647658607680997,0.013483891135307699
C4_Y,0.022400078494836398,0.001753160726816114,0.013626575205749303,0.0036878958176006947,-0.003561106822790774
C5_A,-0.008551514854076816,-0.011306778327930313,-0.062421789830544014,-0.026960308296345128,-0.055113584751959516
C5_C,0.011378419566977157,-0.02717842016870576,-0.009222563492260279,0.0051252498155942875,0.0058597197186823005
C5_D,0.002163465322983478,0.035446869659430294,-0.010788286739825459,0.01689793563162072,0.017537279463898138
C5_E,-0.005980214821845706,0.10909310523911002,-0.0028114903145338168,0.021952193598709962,-0.022727442288910115
C5_F,0.020776153710392736,-0.042709682474559696,0.017428606401624077,0.0018560530199579755,0.04378074010641807
C5_G,-0.004099353987700745,-0.04374528433326659,-0.0026988078792295317,0.0044429939217551055,-0.06138040991857412
C5_H,0.011183236443198888,-0.006600935456632569,-0.002965812241747796,-0.014036808727983281,-0.0022432044835118685
C5_I,0.02278437714006025,-0.02579285317673748,0.023284783848701137,0.013547569881021081,0.05169561886442282
C5_K,0.0017050144299273927,0.06886465070553727,0.0383422865914405,0.044730298651545916,0.013854195734413028
C5_L,0.013232289816921735,-0.045531092635754486,-0.03706438461711339,-0.010421636206032543,0.003981097851518255
C5_M,0.008991939996991874,0.0034981314892948484,0.017357393417141452,0.01257100425385642,0.009696572519937555
C5_N,0.0038431423801457533,0.013406779348763997,0.018285445494173217,0.025285586957470508,0.03866264348784811
C5_P,-0.042459180040832184,-0.04327173822021775,0.018671898563968975,-0.04007731157530274,-0.01725410719706174
C5_Q,-0.00953022379855592,0.055921877640771236,-0.011505013512506908,-0.014428547991486294,-0.0361880793718524
C5_R,0.004990948274890917,0.026581045639829427,-0.03139187744429156,-0.010709677338523335,-0.03824322484734488
C5_S,-0.03023764653217728,-0.01241744837260536,0.019038369670599305,-0.011365050053011075,0.019354678223712972
C5_T,-0.0023780762268419625,-0.016615987462922175,0.01402851563245285,-0.0010477180403793745,0.03817722083706707
C5_V,0.008926164677694392,-0.043449122204355276,-0.006243438166689456,0.014387172550831547,0.006933026117445526
C5_W,0.01337893810701707,-0.01800856736246638,-0.0025923391041207935,0.00369766927333177,0.015314818382852096
C5_Y,0.022139792981714777,-0.017505857359673395,0.005881513399637861,0.00854299493882344,0.02495772375411138
C6_A,-0.01181390400140069,-0.016130736405232663,-0.04103072079257962,-0.021028272931101055,-0.07404168433338518
C6_C,0.011373230010253248,-0.0220829131762052,-0.008996584064174036,0.005338942942405134,0.006180161731731175
C6_D,0.008395745038499233,0.029244946381828733,0.014014291590528636,0.025773153825113495,0.010953460032636695
C6_E,-0.0030506845944157,0.11102548620572708,-0.0035877027516915206,0.013853692536034596,-0.020363608201712815
C6_F,0.021971194020507356,-0.03836475354746583,-0.0020352297394460573,0.021415511291183312,0.04427996914352918
C6_G,-0.007890050331114092,-0.043294700859010556,-0.01914191703868878,0.005927403277252096,-0.03227847300854878
C6_H,0.00578519943231973,-0.0106682593339,-0.005017284578390868,-0.005513969991943886,0.022428752149423203
C6_I,0.020114631013581095,-0.027469158551318852,0.015407442608622264,0.025135960733966307,0.05028745280585854
C6_K,0.006286467054145893,0.06871205236854656,0.0499056361429708,0.04764096661214833,0.01133911115743071
C6_L,0.010317937662076603,-0.042973511746681854,-0.037919271439709266,-0.024904571315963964,0.02250990327416234
C6_M,0.0055299532357485715,-0.0028257949616556604,0.009439782039749331,0.0073507630626265825,0.004413062772683613
C6_N,0.002208911612015979,0.009295970107008932,0.032859532895723714,0.036063863620899375,0.03398056554259142
C6_P,-0.042374311707220565,-0.05192205549448215,0.004039505436579084,-0.04027653083637402,-0.01701346044408732
C6_Q,-0.0030944426366606,0.057515811827137026,-0.011865520853180479,-0.02222568901234072,-0.044449709195541316
C6_R,0.0032309746803427654,0.019535446562656593,-0.028893076392451634,-0.01064997973253346,-0.019628767885073384
C6_S,-0.028134180458501756,-0.010052035548861039,0.01664407787530134,-0.017526832018711774,0.020289781921004852
C6_T,-0.0032900069452644056,-0.009933311178818014,0.005946571912146511,-0.0023066096426037886,0.014389763061470898
C6_V,0.013223676070052598,-0.03322271286237418,-0.012222419425939872,0.005952373251921519,-0.006044477816914813
C6_W,0.009416724814409446,-0.024833603777898155,-0.010908247284282092,-0.004122917393515368,-0.008197235744012606
C6_Y,0.018653984653607885,-0.01934139108119526,0.006125481137961952,0.011028696891020422,0.022863222984948063
C7_A,-0.010418260062426648,-0.02308029510166038,-0.04793330850637661,-0.026459278853456922,-0.0668613347915532
C7_C,0.013637504944086729,-0.020367566224427563,-0.004102871278225946,2.9547143061477746e-4,0.012914570563901077
C7_D,0.0036453890780190584,0.005751551020778393,0.00955543158662137,0.015598232230856442,0.021146573890201775
C7_E,-0.005530537286558948,0.05690562946163297,0.019609877870602442,0.016346984356346173,0.017828397365902863
C7_F,0.019824295094622597,-0.02709885120385143,0.003578074929121367,-0.0036023509249025866,0.03875109019658325
C7_G,-0.002101092784879143,-0.0536088588536223,-0.019183486053856377,0.011202188659428696,-0.021255053898105565
C7_H,0.007879677517542302,-0.009838314980159064,-0.007591096395745626,0.011275815870026872,0.008027308758042136
C7_I,0.0179543709339828,9.503717984203546e-5,0.01711161658936419,0.04218526116826877,0.03367864073608671
C7_K,0.0027977503581722014,0.049843464153186114,0.03535631145364718,0.03253849580451032,0.010661428174995206
C7_L,0.01255257810936279,0.04556268089353142,-0.05782993741988966,-0.02846085443431289,-0.024353911636370892
C7_M,0.006421195957747133,0.012323736003099587,0.010569882273406404,-6.176611665329482e-4,0.005624569130140154
C7_N,0.007322500447081002,0.011245589900073077,0.03127590093873684,0.024191150651548442,0.016264153587884495
C7_P,-0.03878842363786316,-0.05257512631757811,0.008858648276187578,-0.0358845305320612,-0.010191981400733347
C7_Q,-0.009663678704690993,0.021458761367543364,-0.008994415187840388,-0.00974475405114952,-0.01989695663617134
C7_R,0.005856265468562747,0.011256374104829376,-0.01207066262542274,0.0014774261299486595,-0.02324537358874501
C7_S,-0.033961902178535466,-0.026066907932544646,0.014952390411932083,-0.012386421854005422,0.014986802147790232
C7_T,-0.004016000950708354,-0.012547981946385794,0.017131408230202396,0.0016615380918969982,0.010704122189166743
C7_V,0.014320761831892044,-0.015018179010787393,-0.010632935913181558,0.012721635541567236,-0.003954337445822364
C7_W,0.009155592450770798,-0.018406491101387444,-0.019975749239551636,-0.00641940343330914,0.009226666637354615
C7_Y,0.018403538697816614,0.001978196193726203,-0.0020496575911824523,0.017456755707668383,0.026361812016252664
C8_A,-0.007649817275507867,-0.01522399889900707,-0.04263663977176309,-0.03113816348828884,-0.076890566129855
C8_C,0.010141108277285711,-0.028790637461190243,-0.014627168740486696,-0.003505737998580485,-0.004808251634477387
C8_D,-2.750814906110283e-4,0.02232346914380446,0.008789980795451994,0.013641381454675952,0.020380918150815542
C8_E,-0.008472316220470235,0.09262748179901795,-0.009238789818325585,0.013159999593622193,-0.00894046224967667
C8_F,0.01908518520443893,-0.031802695905722156,0.010498239546172582,0.011626897145774678,0.013952595355629909
C8_G,-0.008113320491892676,-0.05511294804269538,-0.00813343054360752,-0.007205508558854521,-0.0181265140592776
C8_H,0.010967766664756537,-0.0123049824107366,-1.3312587502455726e-4,0.003563751225494357,-0.011178394877624146
C8_I,0.02342865639478972,-0.01068955308004373,0.015844130562624157,0.025280796728503887,0.03848452886917144
C8_K,-2.7658129064084074e-4,0.06714057556865764,0.03740551814428412,0.03466270420965609,0.016489180016742398
C8_L,0.01898282328066418,-0.03217405854527722,-0.03703137752851297,-0.012619299064954799,6.664610836540862e-4
C8_M,0.007688860106565453,0.012506049570340998,0.010925088392099195,0.01645643808549479,0.018111791528118027
C8_N,0.007820939516458101,0.012404284111993357,0.010574750977314905,0.016192462801108438,0.040397209245591446
C8_P,-0.040239067379953045,-0.04224980398706371,0.004383288943056623,-0.03455201409004299,-0.01176990715756191
C8_Q,-0.008563691259283857,0.04605591868143862,-0.008321125936578022,-0.005506612160780017,-0.026800051617704622
C8_R,0.004118603764518934,0.032982030778630676,-0.03475056478268765,-0.009110203347823288,-0.03829294082549704
C8_S,-0.030706190705302408,-0.02050905252913619,0.00808964845791372,-0.0057086475306317875,0.029249221342562838
C8_T,-0.007512329567710608,-0.008597291856273441,0.013526765897962896,0.0037661587620555783,0.010175310334284048
C8_V,0.014425105348379994,-0.029535612064427178,-0.011592077838101289,0.014156252191749827,0.013544536631587733
C8_W,0.011359410159515694,-0.01266760573972082,0.00368687218219742,0.00404934686166676,-0.016189249703577217
C8_Y,0.019546025658181785,-0.021445965566789824,0.02038000465564132,0.02160774290242036,0.040727537743041706
C9_A,-0.010011900415248003,-0.00929106090960352,-0.044726264436381655,-0.021063785410642757,-0.05454556739384194
C9_C,0.0071785449218345464,-0.01856043527086285,-0.016777301946620273,0.002781991851720257,0.01177225059395865
C9_D,0.004934191202644829,0.02426021967414564,0.0013005467729733668,0.019830932603752956,0.003396387654327142
C9_E,-0.0061850288341618355,0.09899318050368178,-0.005156100223330379,0.009292849673983604,-0.007036874741409437
C9_F,0.025066478769316884,-0.041333020667014775,-0.002943382773009944,0.012616835362159405,0.02617881497552532
C9_G,-0.010658741702298342,-0.03349165403003348,-0.012075957627670417,-0.009490402158859879,-0.02424027304767529
C9_H,0.004891569248411881,-0.005869266526824275,0.00386020135093069,-0.007547809517871934,0.0047677587922096394
C9_I,0.02009555210274125,-0.018311649386910833,0.023710849000627206,0.022009156689819863,0.03944466593627019
C9_K,0.003893374895982061,0.07859959672979719,0.018091263637673202,0.037190221018683314,0.01750633112419713
C9_L,0.019441268410644284,-0.0485046835731182,-0.01757283034543621,-0.017812879478661944,0.015794020633146028
C9_M,0.011473409421788268,-0.0012688132575373575,0.01820530416910308,-0.0010454655840394693,0.028281367007286905
C9_N,0.0028789520653115627,0.014173672778902203,0.02150865709277488,0.022654786411192365,0.03351190219933493
C9_P,-0.03909830022479337,-0.054252162434929536,0.014001127039576004,-0.026419039380958187,-0.007265828080633345
C9_Q,-0.00949227617539844,0.047832400804737586,-0.023428812023019743,0.0013092120412093154,-0.04041556745559926
C9_R,0.0022158593347945173,0.023676187830452014,-0.028160130213660508,-0.011761056577607357,-0.048404323555969866
C9_S,-0.029540364829121944,-3.6116227044186137e-5,0.010814984708249663,-0.006984102084157171,0.002029110789963005
C9_T,-0.003985351251259182,-0.02707137938911596,0.0024833067611889745,0.010232674255747984,-0.002111715302158347
C9_V,0.010572766311890549,-0.02901802353113157,8.642043673994732e-4,0.010271247353659214,0.01044252515334019
C9_W,0.013220019958379152,-0.030468339508031714,-0.006773132831674909,0.002025233972007464,0.005316157192785446
C9_Y,0.021183476598996408,-0.016527052133487284,-0.0032860303890722134,0.021728736666066197,0.04171073365330174
C10_A,-0.006558631525880447,-0.017040726507182382,-0.03646895848487064,-0.016574820633570117,-0.05559021375384898
C10_C,0.011206449240572566,-0.029242481835678343,-0.011485541454323652,0.00894019040709818,0.020098558546803785
C10_D,0.0034319410803304055,0.02347078521449147,0.015218349862737474,0.0046768202094266105,0.020179071685853967
C10_E,-0.007768762399670575,0.08961356459934385,-0.004349053034090437,0.018314397511902194,0.0011856096429983924
C10_F,0.020000566994841016,-0.021727819950125286,0.005148038682857709,0.012797611402989937,0.04255006944210296
C10_G,-0.007815563872247373,-0.053379839804806394,-0.013041432224705161,0.0035400791595590936,-0.009292018549740173
C10_H,0.009585441872832745,-0.0087616587119491,8.050545702765643e-4,0.0034419838778095924,3.536356030454677e-4
C10_I,0.02313257462075417,-0.01636782872439475,0.014140856774416009,0.024694377869349023,0.04748256562766913
C10_K,0.0015437838539290724,0.05247357719842426,0.03488361432970371,0.03734790122425832,0.01886751907271084
C10_L,0.015053134347620418,0.006886714980325498,-0.04729449432256573,-0.010197125740090624,-0.021762122494099888
C10_M,0.007086901588782584,-0.005013100682264086,0.021557813609643567,5.768253076845937e-4,0.0047842605891241004
C10_N,0.004674090861480256,0.018536495716782717,0.01823720789762738,0.00928098096085657,0.03768280123313288
C10_P,-0.037861377682870595,-0.0515115001469151,-0.00549032697805966,-0.03430652993539947,-0.04358018595476327
C10_Q,-0.008080723125908558,0.04516692753713529,-0.02259363398105014,-0.008121456284097817,-0.020515289099848514
C10_R,0.0029294520432996906,0.011177103358750504,-0.038721822286437266,-0.01620944265475866,-0.02070268035630917
C10_S,-0.029856070918305385,-0.01937486299724576,0.032608067942144735,-0.013462190633748884,0.020164959890599066
C10_T,-0.003730808326520354,-0.017854457803173997,0.01702981816097289,0.0093062511650462,-0.0013762775726267533
C10_V,0.012118598511617687,-0.03137513216926872,-0.01454898393366369,0.017529093834178985,-0.006325724042522404
C10_W,0.008327769503592536,-0.01285031321777081,-0.014405186068796075,0.0015573854707613668,0.004962034791284753
C10_Y,0.02124911406553926,-0.017757531715849196,0.00618017562387854,0.022135314016847308,0.021847579734792247
