toolkit,padtype,learner,pca,auc_padded,n_padded,auc_nonpadded,auc_overall,fold_padded_auc_std
ESM-C,blosum,xgb,0,0.7329374255483148,1443,0.7637687532397601,0.7632535731735642,0.028602656835230084
ESM-C,handcrafted,xgb,0,0.6447262903012325,1443,0.5619582714127336,0.565780213519234,0.027239184605105833
ESM-C,handcrafted_blosum,xgb,0,0.7654917898769065,1443,0.7642441506554523,0.7647290151691002,0.03057517476945027
ESM-C,handcrafted_sparse,xgb,0,0.7518909754825248,1443,0.7400345434500779,0.7408787407122818,0.03658704360166977
ESM-C,sparse,xgb,0,0.7382103566673675,1443,0.7405332786090884,0.7409059405628378,0.028680202298249136
ESM-C,boundary,xgb,6389,0.689289273507268,1443,0.686054667632594,0.6869520927096451,0.017000083158253756
ESM-C,eos_bos_repeat,xgb,6389,0.6861944191406038,1443,0.687656253430625,0.6881733119626179,0.027709351788693975
ESM-C,pad_token,xgb,6389,0.6969388192060044,1443,0.6868574374790161,0.6879609234710868,0.024926640855165688
ESM-C,zero,xgb,6389,0.6989553406675542,1443,0.6867942797049967,0.6878644757767509,0.02274650356773937
ESM-IF,blosum,xgb,0,0.7326085091782466,1442,0.7637747906481318,0.7632535731735642,0.028162292014577307
ESM-IF,handcrafted,xgb,0,0.6449160935136231,1442,0.5619436339309006,0.565780213519234,0.027215675209751513
ESM-IF,handcrafted_blosum,xgb,0,0.7651378686504781,1442,0.7642534132073715,0.7647290151691002,0.030242349443211983
ESM-IF,handcrafted_sparse,xgb,0,0.7515235343657887,1442,0.7400443592429036,0.7408787407122818,0.036295445080884975
ESM-IF,sparse,xgb,0,0.7380417660911742,1442,0.7405350165737039,0.7409059405628378,0.028494616159153538
ESM-IF,boundary,xgb,4308,0.6547795895132489,1442,0.6315654866349775,0.6332694244795871,0.01935841200767226
ESM-IF,eos_bos_repeat,xgb,4308,0.6686834245699402,1442,0.6306911525420738,0.6328409083960997,0.02402732175849852
ESM-IF,pad,xgb,4308,0.66307276314353,1442,0.6305555934590537,0.6324594822158132,0.02442169848913961
ESM-IF,zero,xgb,4308,0.659511026372838,1442,0.6314793201164144,0.6334531659656342,0.014811655741857398
