features_key	timestamp	runtime_seconds	runtime_hours	nested_cv_seconds	heldout_auc_roc	result_file
emb_esmc_win_padtoken	20261007_110801	89981.7	24.99	89980.6	0.6879700395712725	cv_results_xgb_emb_esmc_win_padtoken_pca6389_flat_20261007_110801.json
emb_esmc_win_zeropad	20261007_105613	70952.5	19.71	70950.9	0.687844351792684	cv_results_xgb_emb_esmc_win_zeropad_pca6389_flat_20261007_105613.json
emb_esmc_win_impute_boundary	20261007_155613	55789.8	15.5	55787.9	0.6869700829352926	cv_results_xgb_emb_esmc_win_impute_boundary_pca6389_flat_20261007_155613.json
emb_esmc_win_impute_bos_eos	20261007_155615	54761.8	15.21	54760.7	0.6881693952162182	cv_results_xgb_emb_esmc_win_impute_bos_eos_pca6389_flat_20261007_155615.json
emb_esmif_win	20261007_223805	46048.8	12.79	46047.8	0.6334725297426772	cv_results_xgb_emb_esmif_win_pca4308_flat_20261007_223805.json
emb_esmif_boundary	20261008_014656	37826.0	10.51	37824.9	0.6332911694745121	cv_results_xgb_emb_esmif_boundary_pca4308_flat_20261008_014656.json
emb_esmif_eos_bos_repeat	20261008_032609	29741.4	8.26	29740.1	0.6328440258476502	cv_results_xgb_emb_esmif_eos_bos_repeat_pca4308_flat_20261008_032609.json
emb_esmif_pad	20261008_012441	27680.5	7.69	27679.3	0.6324602206601745	cv_results_xgb_emb_esmif_pad_pca4308_flat_20261008_012441.json
handcrafted_blosum	20261007_144019	690.8	0.19	685.3	0.7647781859815875	cv_results_xgb_handcrafted_blosum_flat_20261007_144019.json
blosum	20261007_143220	467.7	0.13	462.8	0.763271459886116	cv_results_xgb_blosum_flat_20261007_143220.json
sparse	20261007_142819	220.5	0.06	216.3	0.740941111475974	cv_results_xgb_sparse_flat_20261007_142819.json
handcrafted	20261008_123112	111.9	0.03	110.6	0.5657714238684638	cv_results_xgb_handcrafted_flat_20261008_123112.json
