feature,weight_mean,weight_std,weight_abs_mean,feature_type
rel_distance_from_c_terminus,-0.007013768341826303,0.006687306726720139,0.007013768341826303,handcrafted
mean_rsa_peptide,0.06701634165355433,0.03231947129369762,0.06701634165355433,handcrafted
mean_disorder_peptide,0.15725124683721425,0.03533182272154543,0.15725124683721425,handcrafted
mean_rsa_nflank,-0.0936678220483288,0.01120992604541652,0.0936678220483288,handcrafted
mean_disorder_nflank,-0.021810075080024385,0.023892037503281106,0.021810075080024385,handcrafted
mean_rsa_cflank,0.049486309919459875,0.02138672408365963,0.049486309919459875,handcrafted
mean_disorder_cflank,-0.06753525086876042,0.02461642650290446,0.06753525086876042,handcrafted
q8point_H_peptide,-0.024976138911482183,0.016468336724010033,0.024976138911482183,handcrafted
q8point_G_peptide,-0.017281262370662638,0.00311576679564622,0.017281262370662638,handcrafted
q8point_I_peptide,0.016563524086556276,0.009648445805499083,0.016563524086556276,handcrafted
q8point_E_peptide,0.03685632226764764,0.021328520193735857,0.03685632226764764,handcrafted
q8point_B_peptide,-0.006795724940845979,0.004973268955124064,0.006795724940845979,handcrafted
q8point_T_peptide,-0.015708758360471215,0.00621300614247212,0.015708758360471215,handcrafted
q8point_S_peptide,-0.025739140110456422,0.0024362007547822063,0.025739140110456422,handcrafted
q8point_C_peptide,-0.013100176779583106,0.006498388387311507,0.013100176779583106,handcrafted
q8point_H_nflank,0.02842230992126042,0.019031369519215864,0.02842230992126042,handcrafted
q8point_G_nflank,0.002330679707369023,0.005457472233644014,0.002330679707369023,handcrafted
q8point_I_nflank,-0.05608709656403281,0.029831070975529252,0.05608709656403281,handcrafted
q8point_E_nflank,-0.038171588804852684,0.018857056181695007,0.038171588804852684,handcrafted
q8point_B_nflank,-0.0008408882141695689,0.003635563880806357,0.0008408882141695689,handcrafted
q8point_T_nflank,-0.03140888213630662,0.007081075642750739,0.03140888213630662,handcrafted
q8point_S_nflank,-0.002035969208341272,0.00876777531187758,0.002035969208341272,handcrafted
q8point_C_nflank,0.03902282270151432,0.0076552295424591,0.03902282270151432,handcrafted
q8point_H_cflank,0.035327278680403695,0.010634872055298474,0.035327278680403695,handcrafted
q8point_G_cflank,0.005100112143255847,0.005744279829477685,0.005100112143255847,handcrafted
q8point_I_cflank,-0.0005810050162884517,0.0077369336730542275,0.0005810050162884517,handcrafted
q8point_E_cflank,0.020490051091706766,0.011736504343448355,0.020490051091706766,handcrafted
q8point_B_cflank,0.015818336088586175,0.0038534750503102263,0.015818336088586175,handcrafted
q8point_T_cflank,-0.02061783287467995,0.00525356605865672,0.02061783287467995,handcrafted
q8point_S_cflank,-0.002942262005618408,0.005898099138744272,0.002942262005618408,handcrafted
q8point_C_cflank,0.000772262145924734,0.0062145823351516475,0.000772262145924734,handcrafted
q8trans_H_n_pep,-0.039548640438993435,0.012927702749004693,0.039548640438993435,handcrafted
q8trans_G_n_pep,-0.02848150691338418,0.012560466750694214,0.02848150691338418,handcrafted
q8trans_I_n_pep,0.029996349645690423,0.0314753774022964,0.029996349645690423,handcrafted
q8trans_E_n_pep,-0.02906537895687585,0.011348388983767888,0.02906537895687585,handcrafted
q8trans_B_n_pep,0.0,0.0,0.0,handcrafted
q8trans_T_n_pep,0.004409811064593566,0.007119400006441864,0.004409811064593566,handcrafted
q8trans_S_n_pep,-0.008438353116478262,0.002939442419627262,0.008438353116478262,handcrafted
q8trans_C_n_pep,-0.04102099112859321,0.013698099511649681,0.04102099112859321,handcrafted
q8trans_H_pep_c,-0.07162532712001937,0.01609550849776361,0.07162532712001937,handcrafted
q8trans_G_pep_c,0.010941644040853243,0.007501668209755021,0.010941644040853243,handcrafted
q8trans_I_pep_c,-0.010372219102538233,0.005018432787585786,0.010372219102538233,handcrafted
q8trans_E_pep_c,-0.03199512494835311,0.012530033008060035,0.03199512494835311,handcrafted
q8trans_B_pep_c,0.0,0.0,0.0,handcrafted
q8trans_T_pep_c,-0.01834756970726608,0.005294782454866069,0.01834756970726608,handcrafted
q8trans_S_pep_c,-0.009275821864809615,0.0036654666965614787,0.009275821864809615,handcrafted
q8trans_C_pep_c,-0.021226515795434893,0.007617280827363066,0.021226515795434893,handcrafted
mean_plddt_peptide,-0.026208805332638647,0.02095118106172873,0.026208805332638647,handcrafted
mean_plddt_nflank,0.053525962800970196,0.010836747800771368,0.053525962800970196,handcrafted
mean_plddt_cflank,0.017697926303405435,0.012797995687753331,0.017697926303405435,handcrafted
esmc_PC001,-0.2937756311674512,0.011674649009887895,0.2937756311674512,embedding_pca
esmc_PC002,-0.03503880265168252,0.014626619926583815,0.03503880265168252,embedding_pca
esmc_PC003,-0.0992735785247519,0.008884471023346007,0.0992735785247519,embedding_pca
esmc_PC004,-0.025905387995376127,0.013484075424812995,0.025905387995376127,embedding_pca
esmc_PC005,-0.04885556223790309,0.010434367074779566,0.04885556223790309,embedding_pca
esmc_PC006,0.11057369055301795,0.008448199338388581,0.11057369055301795,embedding_pca
esmc_PC007,-0.10324718522572054,0.012366289421841687,0.10324718522572054,embedding_pca
esmc_PC008,0.02729485934562407,0.0039891243542915095,0.02729485934562407,embedding_pca
esmc_PC009,-0.08691544918134561,0.015726154822668377,0.08691544918134561,embedding_pca
esmc_PC010,-0.09443177294410879,0.005411197040081232,0.09443177294410879,embedding_pca
esmc_PC011,0.09034556813544152,0.009963580649339769,0.09034556813544152,embedding_pca
esmc_PC012,-0.017537059371278307,0.011469861857932265,0.017537059371278307,embedding_pca
esmc_PC013,-0.13015594977964812,0.007616609937059035,0.13015594977964812,embedding_pca
esmc_PC014,-0.024937487822080506,0.00856424252223157,0.024937487822080506,embedding_pca
esmc_PC015,0.11480863899283755,0.008590665806748879,0.11480863899283755,embedding_pca
esmc_PC016,0.032333877051997806,0.0830640995613894,0.032333877051997806,embedding_pca
esmc_PC017,-0.03971625530921023,0.032959483156204034,0.03971625530921023,embedding_pca
esmc_PC018,-0.045622816509476125,0.09610203714846885,0.045622816509476125,embedding_pca
esmc_PC019,0.2509903470697785,0.008482634065506006,0.2509903470697785,embedding_pca
esmc_PC020,-0.03221441687146247,0.05661752196325905,0.03221441687146247,embedding_pca
esmc_PC021,0.043549033228741874,0.06580273706047414,0.043549033228741874,embedding_pca
esmc_PC022,-0.009972389690798745,0.009216004059680042,0.009972389690798745,embedding_pca
esmc_PC023,0.10283294092762699,0.007989353597797486,0.10283294092762699,embedding_pca
esmc_PC024,-0.03454952370762409,0.011011815485188512,0.03454952370762409,embedding_pca
esmc_PC025,-0.0565479542912905,0.00414445140859793,0.0565479542912905,embedding_pca
esmc_PC026,-0.03763655478238661,0.01899261446203931,0.03763655478238661,embedding_pca
esmc_PC027,0.025391383689031665,0.028163580271160133,0.025391383689031665,embedding_pca
esmc_PC028,-0.0018704712421600794,0.009481328500348532,0.0018704712421600794,embedding_pca
esmc_PC029,-0.008745422152425356,0.04729087176885586,0.008745422152425356,embedding_pca
esmc_PC030,0.00808159365783493,0.01141826949395146,0.00808159365783493,embedding_pca
esmc_PC031,0.03639363251987685,0.028240148113323305,0.03639363251987685,embedding_pca
esmc_PC032,0.0600141894712658,0.01339557103884554,0.0600141894712658,embedding_pca
esmc_PC033,-0.05547507268280645,0.010917234724354723,0.05547507268280645,embedding_pca
esmc_PC034,0.07076876492451879,0.00658661102554864,0.07076876492451879,embedding_pca
esmc_PC035,0.0023696024970249635,0.014932531682676985,0.0023696024970249635,embedding_pca
esmc_PC036,-0.003942909689729168,0.07011452819117128,0.003942909689729168,embedding_pca
esmc_PC037,0.011592781138879118,0.10893948192597756,0.011592781138879118,embedding_pca
esmc_PC038,0.06540505714128528,0.10158671396688689,0.06540505714128528,embedding_pca
esmc_PC039,-0.060804518323850906,0.07835285891519955,0.060804518323850906,embedding_pca
esmc_PC040,-0.0019474635093703042,0.010818558160014697,0.0019474635093703042,embedding_pca
esmc_PC041,-0.0020248765339734784,0.05786380673380438,0.0020248765339734784,embedding_pca
esmc_PC042,0.0018937913966336844,0.02862660681611822,0.0018937913966336844,embedding_pca
esmc_PC043,-0.007360279352820983,0.036423022260683495,0.007360279352820983,embedding_pca
esmc_PC044,0.018102406971034633,0.015781765198814388,0.018102406971034633,embedding_pca
esmc_PC045,-0.026123977494006245,0.023159053061582318,0.026123977494006245,embedding_pca
esmc_PC046,-0.08439299975990702,0.0059840763963223105,0.08439299975990702,embedding_pca
esmc_PC047,-0.05236085255490226,0.07104059466670598,0.05236085255490226,embedding_pca
esmc_PC048,0.013927692948205206,0.017493691822624873,0.013927692948205206,embedding_pca
esmc_PC049,0.037837931085716266,0.06599987844681414,0.037837931085716266,embedding_pca
esmc_PC050,0.004294422969078942,0.03437478946152197,0.004294422969078942,embedding_pca
esmc_PC051,-0.008441889551205277,0.029258642164541587,0.008441889551205277,embedding_pca
esmc_PC052,-0.00143379290296825,0.007380946850004074,0.00143379290296825,embedding_pca
esmc_PC053,-0.039031448957040124,0.0023446684714555346,0.039031448957040124,embedding_pca
esmc_PC054,-0.04722347298723929,0.007403905274075892,0.04722347298723929,embedding_pca
esmc_PC055,-0.07839690099483508,0.005985499316839102,0.07839690099483508,embedding_pca
esmc_PC056,-0.01641041674438002,0.03492456956982524,0.01641041674438002,embedding_pca
esmc_PC057,0.06776449328644732,0.017047382453559932,0.06776449328644732,embedding_pca
esmc_PC058,-0.023305595026808373,0.04774907961216808,0.023305595026808373,embedding_pca
esmc_PC059,-0.015117411944961592,0.02053536205537675,0.015117411944961592,embedding_pca
esmc_PC060,0.04040327358105866,0.032974543864568884,0.04040327358105866,embedding_pca
esmc_PC061,-0.05033505545088095,0.07561299234837282,0.05033505545088095,embedding_pca
esmc_PC062,-0.00218274715812199,0.013234804508400646,0.00218274715812199,embedding_pca
esmc_PC063,0.0021419743954836285,0.041896729978839656,0.0021419743954836285,embedding_pca
esmc_PC064,-0.04759208581913097,0.05841123887895113,0.04759208581913097,embedding_pca
esmc_PC065,-0.033635179228853715,0.11623920602644175,0.033635179228853715,embedding_pca
esmc_PC066,-0.033656222311223935,0.01690613694690706,0.033656222311223935,embedding_pca
esmc_PC067,-0.08298834924442917,0.01527507806605749,0.08298834924442917,embedding_pca
esmc_PC068,0.023151854832275724,0.011676483226877494,0.023151854832275724,embedding_pca
esmc_PC069,-0.0023588726626706273,0.01003741658050537,0.0023588726626706273,embedding_pca
esmc_PC070,0.015374170938744302,0.006531283836233359,0.015374170938744302,embedding_pca
esmc_PC071,0.018546883103126872,0.024109650528901124,0.018546883103126872,embedding_pca
esmc_PC072,-0.01287584990266244,0.029637194379071634,0.01287584990266244,embedding_pca
esmc_PC073,0.04391418443763162,0.008207065744141878,0.04391418443763162,embedding_pca
esmc_PC074,0.042854589605671685,0.024349241088727193,0.042854589605671685,embedding_pca
esmc_PC075,-0.0046363435338796135,0.037437901057707605,0.0046363435338796135,embedding_pca
esmc_PC076,-0.0149517040012393,0.025901984866671727,0.0149517040012393,embedding_pca
esmc_PC077,0.023618435532999194,0.024289765545154707,0.023618435532999194,embedding_pca
esmc_PC078,0.0015957439625113499,0.03250667305008075,0.0015957439625113499,embedding_pca
esmc_PC079,0.031544197289580585,0.02405827457601661,0.031544197289580585,embedding_pca
esmc_PC080,-0.05253579843962948,0.06608402628427258,0.05253579843962948,embedding_pca
esmc_PC081,0.00914327679303108,0.030985807568995747,0.00914327679303108,embedding_pca
esmc_PC082,0.007586621001434435,0.008223103230577724,0.007586621001434435,embedding_pca
esmc_PC083,-1.047830648225334e-05,0.01768819780261011,1.047830648225334e-05,embedding_pca
esmc_PC084,-0.03955067561117648,0.015249608454556534,0.03955067561117648,embedding_pca
esmc_PC085,-0.016074188812874562,0.009770263789830761,0.016074188812874562,embedding_pca
esmc_PC086,0.010180729568638318,0.02770657010774143,0.010180729568638318,embedding_pca
esmc_PC087,0.005778915983668495,0.02050317140920235,0.005778915983668495,embedding_pca
esmc_PC088,0.020326594814310227,0.015470517857288623,0.020326594814310227,embedding_pca
esmc_PC089,0.0021736689721851264,0.033429798586158466,0.0021736689721851264,embedding_pca
esmc_PC090,-0.0127691272364328,0.010279385302641195,0.0127691272364328,embedding_pca
esmc_PC091,0.012402781111928881,0.016284165776889646,0.012402781111928881,embedding_pca
esmc_PC092,0.0038533259950125727,0.012097589479488705,0.0038533259950125727,embedding_pca
esmc_PC093,0.023463152354710047,0.014464334217800709,0.023463152354710047,embedding_pca
esmc_PC094,0.03611185160479304,0.006347068033939732,0.03611185160479304,embedding_pca
esmc_PC095,-0.06027377195460535,0.02946923344383199,0.06027377195460535,embedding_pca
esmc_PC096,-0.09426602679236978,0.017243592580226803,0.09426602679236978,embedding_pca
esmc_PC097,-0.03847181474335272,0.019236828680232847,0.03847181474335272,embedding_pca
esmc_PC098,0.053115979738314056,0.0683629805928164,0.053115979738314056,embedding_pca
esmc_PC099,0.006900649532212371,0.01658851157776119,0.006900649532212371,embedding_pca
esmc_PC100,-0.0008826417947535171,0.012489221523515844,0.0008826417947535171,embedding_pca
esmc_PC101,-0.006069879933101482,0.024034905600643197,0.006069879933101482,embedding_pca
esmc_PC102,-0.01600582478164593,0.0163631235571352,0.01600582478164593,embedding_pca
esmc_PC103,0.0258275707265046,0.00876272778345368,0.0258275707265046,embedding_pca
esmc_PC104,-0.004420044363371451,0.015268594326992697,0.004420044363371451,embedding_pca
esmc_PC105,0.003783041679579042,0.023382432965631274,0.003783041679579042,embedding_pca
esmc_PC106,0.03447144576246507,0.020099945350970556,0.03447144576246507,embedding_pca
esmc_PC107,0.03708696424259517,0.01699894026770375,0.03708696424259517,embedding_pca
esmc_PC108,0.014711856291778147,0.00899176912146902,0.014711856291778147,embedding_pca
esmc_PC109,-0.004819001690940014,0.02955230136002296,0.004819001690940014,embedding_pca
esmc_PC110,0.01303246013068314,0.03521300640318646,0.01303246013068314,embedding_pca
esmc_PC111,0.011443808028079901,0.05620789762162074,0.011443808028079901,embedding_pca
esmc_PC112,-0.0019521173178910175,0.01659823544248298,0.0019521173178910175,embedding_pca
esmc_PC113,-0.02932908687980486,0.020514112768339015,0.02932908687980486,embedding_pca
esmc_PC114,-0.011481612736279383,0.039886507868489136,0.011481612736279383,embedding_pca
esmc_PC115,-0.025307510607523308,0.04010489896568934,0.025307510607523308,embedding_pca
esmc_PC116,-0.007413004952388941,0.039044371793092905,0.007413004952388941,embedding_pca
esmc_PC117,-0.005244591800851729,0.04223670917781851,0.005244591800851729,embedding_pca
esmc_PC118,0.03572708387639901,0.005698540537291501,0.03572708387639901,embedding_pca
esmc_PC119,-0.003525488710422833,0.021625803465763014,0.003525488710422833,embedding_pca
esmc_PC120,0.01561526984530123,0.0072603171110970696,0.01561526984530123,embedding_pca
esmc_PC121,0.004531941074394867,0.013796131372855203,0.004531941074394867,embedding_pca
esmc_PC122,0.0031512641635487197,0.0102700461775079,0.0031512641635487197,embedding_pca
esmc_PC123,-0.007345442222842939,0.016345873552492684,0.007345442222842939,embedding_pca
esmc_PC124,0.010598866708874766,0.017241506639946277,0.010598866708874766,embedding_pca
esmc_PC125,0.02498920180565422,0.02683972032373659,0.02498920180565422,embedding_pca
esmc_PC126,0.006662790835977041,0.05692509630177489,0.006662790835977041,embedding_pca
esmc_PC127,0.025280940796250106,0.0750416958589814,0.025280940796250106,embedding_pca
esmc_PC128,0.005826146128794275,0.022504999240058048,0.005826146128794275,embedding_pca
esmc_PC129,-0.06398723377162525,0.01547789438704268,0.06398723377162525,embedding_pca
esmc_PC130,-0.03516040728235153,0.04338109318517633,0.03516040728235153,embedding_pca
esmc_PC131,-0.01820845255762939,0.026065409687565985,0.01820845255762939,embedding_pca
esmc_PC132,-0.02126362180599203,0.018824647637044525,0.02126362180599203,embedding_pca
esmc_PC133,0.018090169954537123,0.01582620245351818,0.018090169954537123,embedding_pca
esmc_PC134,0.017834820583488935,0.042860206838604094,0.017834820583488935,embedding_pca
esmc_PC135,0.025840087547741798,0.03483598843206453,0.025840087547741798,embedding_pca
esmc_PC136,0.0267154879855515,0.01518117891346588,0.0267154879855515,embedding_pca
esmc_PC137,-0.009905139589006774,0.047202157309584596,0.009905139589006774,embedding_pca
esmc_PC138,-0.0010669742550783272,0.01674367749022341,0.0010669742550783272,embedding_pca
esmc_PC139,0.0177515497317002,0.024168746690627237,0.0177515497317002,embedding_pca
esmc_PC140,-0.033896358482971935,0.03316786090708031,0.033896358482971935,embedding_pca
esmc_PC141,0.022332841893886523,0.04113620035137234,0.022332841893886523,embedding_pca
esmc_PC142,0.021365326835847517,0.04678217033585121,0.021365326835847517,embedding_pca
esmc_PC143,-0.0006640660532008541,0.03838212606539867,0.0006640660532008541,embedding_pca
esmc_PC144,-0.005589608270236986,0.03295223883122245,0.005589608270236986,embedding_pca
esmc_PC145,0.01596258220157399,0.034272358765366794,0.01596258220157399,embedding_pca
esmc_PC146,0.01137617273748302,0.024945658497586842,0.01137617273748302,embedding_pca
esmc_PC147,0.03844370057783937,0.01779111881177104,0.03844370057783937,embedding_pca
esmc_PC148,0.01621465571916566,0.031079896655014032,0.01621465571916566,embedding_pca
esmc_PC149,0.006195196934493617,0.018275832933457387,0.006195196934493617,embedding_pca
esmc_PC150,-0.011505500371829172,0.02463974623927838,0.011505500371829172,embedding_pca
