component_idx,explained_variance_ratio,cumulative_variance
1,0.50422263,0.50422263
2,0.06923989,0.57346255
3,0.04798063,0.62144315
4,0.04221153,0.66365469
5,0.03244443,0.69609910
6,0.02671598,0.72281510
7,0.02071253,0.74352765
8,0.01417702,0.75770468
9,0.01283260,0.77053726
10,0.00984666,0.78038394
11,0.00955861,0.78994256
12,0.00733371,0.79727626
13,0.00647566,0.80375195
14,0.00595455,0.80970651
15,0.00498180,0.81468832
16,0.00467436,0.81936270
17,0.00437613,0.82373881
18,0.00420786,0.82794666
19,0.00386069,0.83180737
20,0.00355480,0.83536220
21,0.00320425,0.83856642
22,0.00311491,0.84168136
23,0.00297786,0.84465921
24,0.00270062,0.84735984
25,0.00242213,0.84978199
26,0.00227526,0.85205728
27,0.00221504,0.85427231
28,0.00207720,0.85634953
29,0.00200056,0.85835010
30,0.00191138,0.86026150
31,0.00185270,0.86211419
32,0.00178434,0.86389852
33,0.00170169,0.86560023
34,0.00163546,0.86723566
35,0.00147897,0.86871463
36,0.00144663,0.87016124
37,0.00138660,0.87154782
38,0.00138196,0.87292981
39,0.00134298,0.87427276
40,0.00130909,0.87558186
41,0.00128972,0.87687159
42,0.00122909,0.87810069
43,0.00120065,0.87930131
44,0.00117903,0.88048035
45,0.00115104,0.88163137
46,0.00109849,0.88272989
47,0.00106718,0.88379705
48,0.00104443,0.88484150
49,0.00102971,0.88587123
50,0.00100715,0.88687837
51,0.00097390,0.88785225
52,0.00094301,0.88879526
53,0.00094254,0.88973778
54,0.00091502,0.89065284
55,0.00087688,0.89152974
56,0.00086423,0.89239395
57,0.00084255,0.89323652
58,0.00083360,0.89407015
59,0.00082139,0.89489156
60,0.00079633,0.89568788
61,0.00078358,0.89647144
62,0.00076216,0.89723361
63,0.00075439,0.89798802
64,0.00074219,0.89873022
65,0.00071870,0.89944893
66,0.00070483,0.90015376
67,0.00068351,0.90083724
68,0.00067505,0.90151227
69,0.00066681,0.90217906
70,0.00065460,0.90283364
71,0.00065141,0.90348506
72,0.00063663,0.90412170
73,0.00061479,0.90473646
74,0.00061205,0.90534848
75,0.00060071,0.90594918
76,0.00058900,0.90653819
77,0.00058445,0.90712261
78,0.00057013,0.90769273
79,0.00056499,0.90825772
80,0.00055877,0.90881652
81,0.00054781,0.90936434
82,0.00053300,0.90989733
83,0.00052925,0.91042656
84,0.00052617,0.91095275
85,0.00052160,0.91147435
86,0.00051466,0.91198897
87,0.00050827,0.91249722
88,0.00050197,0.91299921
89,0.00049031,0.91348952
90,0.00048394,0.91397345
91,0.00047693,0.91445041
92,0.00047232,0.91492271
93,0.00046230,0.91538501
94,0.00045914,0.91584414
95,0.00045176,0.91629589
96,0.00044313,0.91673899
97,0.00044304,0.91718203
98,0.00043545,0.91761750
99,0.00043240,0.91804993
100,0.00042871,0.91847867
101,0.00042595,0.91890460
102,0.00042153,0.91932613
103,0.00041482,0.91974097
104,0.00041231,0.92015326
105,0.00040481,0.92055809
106,0.00040388,0.92096198
107,0.00040065,0.92136264
108,0.00039744,0.92176008
109,0.00039475,0.92215484
110,0.00038827,0.92254311
111,0.00037881,0.92292190
112,0.00037655,0.92329842
113,0.00037173,0.92367017
114,0.00036911,0.92403930
115,0.00036574,0.92440504
116,0.00036134,0.92476636
117,0.00035518,0.92512155
118,0.00035436,0.92547590
119,0.00035011,0.92582601
120,0.00034547,0.92617148
121,0.00034423,0.92651570
122,0.00034206,0.92685777
123,0.00033858,0.92719638
124,0.00033514,0.92753154
125,0.00033328,0.92786485
126,0.00032985,0.92819470
127,0.00032904,0.92852372
128,0.00032481,0.92884851
129,0.00032185,0.92917037
130,0.00031892,0.92948931
131,0.00031535,0.92980468
132,0.00031288,0.93011755
133,0.00031097,0.93042850
134,0.00030856,0.93073708
135,0.00030547,0.93104255
136,0.00030219,0.93134475
137,0.00029979,0.93164456
138,0.00029750,0.93194205
139,0.00029470,0.93223673
140,0.00029185,0.93252856
141,0.00029015,0.93281871
142,0.00028580,0.93310452
143,0.00028508,0.93338960
144,0.00028419,0.93367380
145,0.00028332,0.93395710
146,0.00027778,0.93423486
147,0.00027521,0.93451005
148,0.00027269,0.93478274
149,0.00027027,0.93505299
150,0.00026868,0.93532169
151,0.00026694,0.93558866
152,0.00026505,0.93585372
153,0.00026394,0.93611765
154,0.00026102,0.93637866
155,0.00025991,0.93663853
156,0.00025876,0.93689728
157,0.00025701,0.93715429
158,0.00025577,0.93741006
159,0.00025533,0.93766540
160,0.00025104,0.93791646
161,0.00024953,0.93816596
162,0.00024834,0.93841428
163,0.00024540,0.93865967
164,0.00024456,0.93890423
165,0.00024347,0.93914771
166,0.00024298,0.93939066
167,0.00024110,0.93963176
168,0.00023785,0.93986958
169,0.00023744,0.94010705
170,0.00023462,0.94034165
171,0.00023386,0.94057548
172,0.00023266,0.94080812
173,0.00023126,0.94103938
174,0.00022819,0.94126755
175,0.00022578,0.94149333
176,0.00022531,0.94171864
177,0.00022349,0.94194216
178,0.00022234,0.94216448
179,0.00022146,0.94238591
180,0.00022006,0.94260597
181,0.00021913,0.94282508
182,0.00021815,0.94304323
183,0.00021714,0.94326037
184,0.00021328,0.94347364
185,0.00021206,0.94368571
186,0.00021100,0.94389671
187,0.00020944,0.94410616
188,0.00020922,0.94431537
189,0.00020744,0.94452280
190,0.00020642,0.94472921
191,0.00020516,0.94493437
192,0.00020444,0.94513881
193,0.00020362,0.94534242
194,0.00020257,0.94554502
195,0.00020170,0.94574672
196,0.00020090,0.94594759
197,0.00019919,0.94614679
198,0.00019756,0.94634432
199,0.00019579,0.94654012
200,0.00019557,0.94673568
201,0.00019407,0.94692975
202,0.00019346,0.94712323
203,0.00019238,0.94731563
204,0.00019065,0.94750631
205,0.00018891,0.94769520
206,0.00018807,0.94788325
207,0.00018764,0.94807088
208,0.00018676,0.94825763
209,0.00018517,0.94844282
210,0.00018462,0.94862741
211,0.00018287,0.94881028
212,0.00018127,0.94899154
213,0.00018090,0.94917244
214,0.00018053,0.94935298
215,0.00017944,0.94953245
216,0.00017787,0.94971031
217,0.00017743,0.94988775
218,0.00017648,0.95006424
219,0.00017543,0.95023966
220,0.00017401,0.95041364
221,0.00017245,0.95058608
222,0.00017121,0.95075727
223,0.00016990,0.95092714
224,0.00016960,0.95109671
225,0.00016874,0.95126545
226,0.00016791,0.95143336
227,0.00016760,0.95160097
228,0.00016567,0.95176661
229,0.00016519,0.95193183
230,0.00016453,0.95209634
231,0.00016379,0.95226014
232,0.00016249,0.95242262
233,0.00016186,0.95258451
234,0.00016039,0.95274490
235,0.00015979,0.95290470
236,0.00015927,0.95306396
237,0.00015842,0.95322239
238,0.00015783,0.95338023
239,0.00015721,0.95353746
240,0.00015609,0.95369357
241,0.00015474,0.95384830
242,0.00015448,0.95400280
243,0.00015410,0.95415688
244,0.00015324,0.95431012
245,0.00015261,0.95446271
246,0.00015242,0.95461512
247,0.00015132,0.95476645
248,0.00015101,0.95491749
249,0.00014985,0.95506734
250,0.00014928,0.95521659
251,0.00014846,0.95536506
252,0.00014770,0.95551276
253,0.00014711,0.95565987
254,0.00014654,0.95580643
255,0.00014571,0.95595217
256,0.00014506,0.95609725
257,0.00014381,0.95624107
258,0.00014346,0.95638454
259,0.00014286,0.95652741
260,0.00014230,0.95666969
261,0.00014147,0.95681119
262,0.00014085,0.95695204
263,0.00014013,0.95709217
264,0.00013916,0.95723134
265,0.00013863,0.95736998
266,0.00013823,0.95750821
267,0.00013745,0.95764565
268,0.00013711,0.95778275
269,0.00013683,0.95791960
270,0.00013617,0.95805579
271,0.00013567,0.95819145
272,0.00013503,0.95832646
273,0.00013417,0.95846063
274,0.00013388,0.95859450
275,0.00013358,0.95872808
276,0.00013275,0.95886081
277,0.00013204,0.95899284
278,0.00013184,0.95912468
279,0.00013098,0.95925564
280,0.00013040,0.95938605
281,0.00013000,0.95951605
282,0.00012928,0.95964533
283,0.00012884,0.95977420
284,0.00012796,0.95990217
285,0.00012782,0.96002996
286,0.00012723,0.96015722
287,0.00012686,0.96028405
288,0.00012620,0.96041024
289,0.00012593,0.96053618
290,0.00012515,0.96066135
291,0.00012493,0.96078628
292,0.00012415,0.96091044
293,0.00012347,0.96103394
294,0.00012296,0.96115690
295,0.00012239,0.96127927
296,0.00012215,0.96140140
297,0.00012183,0.96152323
298,0.00012150,0.96164471
299,0.00012084,0.96176553
300,0.00012017,0.96188569
301,0.00011998,0.96200567
302,0.00011936,0.96212506
303,0.00011911,0.96224415
304,0.00011888,0.96236300
305,0.00011836,0.96248138
306,0.00011787,0.96259922
307,0.00011764,0.96271688
308,0.00011673,0.96283358
309,0.00011666,0.96295023
310,0.00011562,0.96306586
311,0.00011546,0.96318132
312,0.00011508,0.96329641
313,0.00011462,0.96341103
314,0.00011447,0.96352547
315,0.00011412,0.96363962
316,0.00011353,0.96375316
317,0.00011321,0.96386635
318,0.00011246,0.96397883
319,0.00011201,0.96409082
320,0.00011166,0.96420246
321,0.00011134,0.96431381
322,0.00011116,0.96442497
323,0.00011069,0.96453565
324,0.00011004,0.96464568
325,0.00010989,0.96475559
326,0.00010933,0.96486491
327,0.00010856,0.96497345
328,0.00010849,0.96508193
329,0.00010833,0.96519029
330,0.00010772,0.96529800
331,0.00010722,0.96540523
332,0.00010680,0.96551204
333,0.00010635,0.96561837
334,0.00010617,0.96572453
335,0.00010581,0.96583033
336,0.00010543,0.96593577
337,0.00010514,0.96604091
338,0.00010446,0.96614540
339,0.00010420,0.96624959
340,0.00010396,0.96635354
341,0.00010342,0.96645695
342,0.00010286,0.96655983
343,0.00010268,0.96666253
344,0.00010231,0.96676487
345,0.00010210,0.96686697
346,0.00010186,0.96696883
347,0.00010162,0.96707046
348,0.00010111,0.96717155
349,0.00010058,0.96727210
350,0.00010025,0.96737236
351,0.00010016,0.96747249
352,0.00009975,0.96757227
353,0.00009931,0.96767157
354,0.00009915,0.96777070
355,0.00009870,0.96786940
356,0.00009823,0.96796763
357,0.00009765,0.96806526
358,0.00009751,0.96816278
359,0.00009704,0.96825981
360,0.00009675,0.96835655
361,0.00009652,0.96845305
362,0.00009616,0.96854919
363,0.00009592,0.96864510
364,0.00009564,0.96874076
365,0.00009544,0.96883619
366,0.00009501,0.96893120
367,0.00009469,0.96902591
368,0.00009443,0.96912032
369,0.00009424,0.96921456
370,0.00009353,0.96930808
371,0.00009334,0.96940142
372,0.00009313,0.96949452
373,0.00009284,0.96958739
374,0.00009222,0.96967959
375,0.00009199,0.96977156
376,0.00009194,0.96986353
377,0.00009140,0.96995491
378,0.00009112,0.97004604
379,0.00009083,0.97013688
380,0.00009064,0.97022754
381,0.00009057,0.97031808
382,0.00009020,0.97040826
383,0.00008983,0.97049809
384,0.00008946,0.97058755
385,0.00008929,0.97067684
386,0.00008904,0.97076589
387,0.00008873,0.97085464
388,0.00008865,0.97094327
389,0.00008838,0.97103167
390,0.00008790,0.97111958
391,0.00008772,0.97120732
392,0.00008719,0.97129452
393,0.00008716,0.97138166
394,0.00008683,0.97146851
395,0.00008649,0.97155499
396,0.00008582,0.97164083
397,0.00008577,0.97172660
398,0.00008541,0.97181201
399,0.00008512,0.97189713
400,0.00008478,0.97198188
401,0.00008474,0.97206664
402,0.00008447,0.97215110
403,0.00008430,0.97223538
404,0.00008401,0.97231936
405,0.00008361,0.97240299
406,0.00008356,0.97248656
407,0.00008317,0.97256970
408,0.00008307,0.97265279
409,0.00008241,0.97273523
410,0.00008223,0.97281748
411,0.00008193,0.97289944
412,0.00008167,0.97298110
413,0.00008160,0.97306269
414,0.00008129,0.97314399
415,0.00008120,0.97322518
416,0.00008091,0.97330606
417,0.00008061,0.97338665
418,0.00008030,0.97346693
419,0.00007993,0.97354686
420,0.00007979,0.97362667
421,0.00007946,0.97370613
422,0.00007941,0.97378552
423,0.00007913,0.97386467
424,0.00007883,0.97394353
425,0.00007850,0.97402203
426,0.00007833,0.97410035
427,0.00007812,0.97417849
428,0.00007790,0.97425640
429,0.00007779,0.97433418
430,0.00007752,0.97441173
431,0.00007734,0.97448909
432,0.00007701,0.97456610
433,0.00007684,0.97464293
434,0.00007676,0.97471970
435,0.00007630,0.97479600
436,0.00007617,0.97487217
437,0.00007596,0.97494811
438,0.00007576,0.97502387
439,0.00007555,0.97509938
440,0.00007548,0.97517484
441,0.00007517,0.97525001
442,0.00007483,0.97532481
443,0.00007470,0.97539949
444,0.00007447,0.97547394
445,0.00007426,0.97554821
446,0.00007417,0.97562236
447,0.00007400,0.97569638
448,0.00007384,0.97577024
449,0.00007365,0.97584391
450,0.00007325,0.97591716
451,0.00007305,0.97599024
452,0.00007278,0.97606301
453,0.00007245,0.97613543
454,0.00007242,0.97620785
455,0.00007231,0.97628015
456,0.00007215,0.97635227
457,0.00007172,0.97642398
458,0.00007154,0.97649550
459,0.00007127,0.97656679
460,0.00007120,0.97663802
461,0.00007100,0.97670901
462,0.00007070,0.97677970
463,0.00007059,0.97685027
464,0.00007048,0.97692072
465,0.00007034,0.97699106
466,0.00007000,0.97706103
467,0.00006976,0.97713077
468,0.00006968,0.97720045
469,0.00006935,0.97726983
470,0.00006934,0.97733915
471,0.00006906,0.97740823
472,0.00006897,0.97747719
473,0.00006879,0.97754598
474,0.00006858,0.97761458
475,0.00006819,0.97768277
476,0.00006795,0.97775072
477,0.00006783,0.97781855
478,0.00006775,0.97788632
479,0.00006748,0.97795379
480,0.00006738,0.97802114
481,0.00006724,0.97808838
482,0.00006716,0.97815555
483,0.00006695,0.97822249
484,0.00006685,0.97828937
485,0.00006664,0.97835600
486,0.00006645,0.97842246
487,0.00006618,0.97848862
488,0.00006611,0.97855473
489,0.00006588,0.97862059
490,0.00006571,0.97868627
491,0.00006557,0.97875184
492,0.00006542,0.97881728
493,0.00006521,0.97888249
494,0.00006493,0.97894740
495,0.00006455,0.97901195
496,0.00006442,0.97907639
497,0.00006428,0.97914064
498,0.00006394,0.97920460
499,0.00006386,0.97926843
500,0.00006375,0.97933221
501,0.00006358,0.97939581
502,0.00006340,0.97945923
503,0.00006326,0.97952247
504,0.00006315,0.97958565
505,0.00006314,0.97964877
506,0.00006282,0.97971159
507,0.00006259,0.97977418
508,0.00006247,0.97983664
509,0.00006244,0.97989911
510,0.00006225,0.97996134
511,0.00006198,0.98002332
512,0.00006186,0.98008519
513,0.00006161,0.98014683
514,0.00006139,0.98020822
515,0.00006132,0.98026955
516,0.00006110,0.98033065
517,0.00006098,0.98039162
518,0.00006087,0.98045248
519,0.00006058,0.98051304
520,0.00006045,0.98057348
521,0.00006038,0.98063385
522,0.00006019,0.98069406
523,0.00005995,0.98075402
524,0.00005993,0.98081392
525,0.00005977,0.98087370
526,0.00005966,0.98093337
527,0.00005953,0.98099291
528,0.00005940,0.98105234
529,0.00005929,0.98111165
530,0.00005899,0.98117065
531,0.00005873,0.98122936
532,0.00005850,0.98128790
533,0.00005838,0.98134625
534,0.00005831,0.98140454
535,0.00005813,0.98146266
536,0.00005806,0.98152071
537,0.00005792,0.98157865
538,0.00005773,0.98163640
539,0.00005744,0.98169386
540,0.00005741,0.98175126
541,0.00005731,0.98180854
542,0.00005728,0.98186582
543,0.00005713,0.98192292
544,0.00005694,0.98197985
545,0.00005689,0.98203671
546,0.00005665,0.98209333
547,0.00005637,0.98214972
548,0.00005625,0.98220599
549,0.00005617,0.98226213
550,0.00005595,0.98231810
551,0.00005592,0.98237401
552,0.00005565,0.98242968
553,0.00005560,0.98248529
554,0.00005550,0.98254079
555,0.00005528,0.98259604
556,0.00005508,0.98265111
557,0.00005487,0.98270601
558,0.00005476,0.98276079
559,0.00005471,0.98281550
560,0.00005458,0.98287010
561,0.00005445,0.98292452
562,0.00005436,0.98297888
563,0.00005425,0.98303312
564,0.00005403,0.98308718
565,0.00005384,0.98314101
566,0.00005382,0.98319483
567,0.00005378,0.98324859
568,0.00005362,0.98330224
569,0.00005347,0.98335570
570,0.00005330,0.98340899
571,0.00005305,0.98346204
572,0.00005296,0.98351502
573,0.00005289,0.98356789
574,0.00005278,0.98362064
575,0.00005265,0.98367327
576,0.00005245,0.98372573
577,0.00005242,0.98377818
578,0.00005216,0.98383033
579,0.00005215,0.98388249
580,0.00005205,0.98393452
581,0.00005188,0.98398638
582,0.00005165,0.98403805
583,0.00005156,0.98408961
584,0.00005145,0.98414105
585,0.00005141,0.98419249
586,0.00005127,0.98424375
587,0.00005115,0.98429489
588,0.00005094,0.98434585
589,0.00005093,0.98439676
590,0.00005071,0.98444748
591,0.00005060,0.98449808
592,0.00005044,0.98454851
593,0.00005034,0.98459882
594,0.00005012,0.98464894
595,0.00004999,0.98469895
596,0.00004994,0.98474890
597,0.00004978,0.98479867
598,0.00004974,0.98484838
599,0.00004962,0.98489797
600,0.00004950,0.98494750
601,0.00004939,0.98499691
602,0.00004932,0.98504621
603,0.00004909,0.98509532
604,0.00004890,0.98514420
605,0.00004879,0.98519295
606,0.00004864,0.98524159
607,0.00004857,0.98529017
608,0.00004842,0.98533857
609,0.00004824,0.98538679
610,0.00004823,0.98543501
611,0.00004799,0.98548299
612,0.00004798,0.98553097
613,0.00004773,0.98557872
614,0.00004762,0.98562634
615,0.00004757,0.98567390
616,0.00004741,0.98572129
617,0.00004731,0.98576862
618,0.00004719,0.98581582
619,0.00004702,0.98586285
620,0.00004699,0.98590982
621,0.00004694,0.98595679
622,0.00004688,0.98600370
623,0.00004677,0.98605049
624,0.00004666,0.98609716
625,0.00004662,0.98614377
626,0.00004657,0.98619032
627,0.00004628,0.98623657
628,0.00004622,0.98628277
629,0.00004612,0.98632890
630,0.00004602,0.98637491
631,0.00004585,0.98642075
632,0.00004571,0.98646647
633,0.00004567,0.98651212
634,0.00004547,0.98655760
635,0.00004540,0.98660302
636,0.00004526,0.98664826
637,0.00004522,0.98669350
638,0.00004497,0.98673844
639,0.00004492,0.98678339
640,0.00004481,0.98682821
641,0.00004474,0.98687297
642,0.00004462,0.98691761
643,0.00004458,0.98696220
644,0.00004447,0.98700666
645,0.00004441,0.98705107
646,0.00004424,0.98709530
647,0.00004419,0.98713946
648,0.00004414,0.98718363
649,0.00004394,0.98722756
650,0.00004383,0.98727137
651,0.00004368,0.98731506
652,0.00004361,0.98735869
653,0.00004350,0.98740220
654,0.00004333,0.98744553
655,0.00004327,0.98748881
656,0.00004316,0.98753196
657,0.00004307,0.98757505
658,0.00004297,0.98761803
659,0.00004293,0.98766094
660,0.00004288,0.98770380
661,0.00004274,0.98774654
662,0.00004264,0.98778915
663,0.00004254,0.98783171
664,0.00004239,0.98787409
665,0.00004235,0.98791641
666,0.00004221,0.98795861
667,0.00004214,0.98800075
668,0.00004206,0.98804283
669,0.00004200,0.98808485
670,0.00004184,0.98812670
671,0.00004174,0.98816842
672,0.00004170,0.98821014
673,0.00004164,0.98825181
674,0.00004146,0.98829329
675,0.00004143,0.98833472
676,0.00004129,0.98837602
677,0.00004126,0.98841727
678,0.00004115,0.98845840
679,0.00004091,0.98849928
680,0.00004084,0.98854011
681,0.00004081,0.98858094
682,0.00004066,0.98862159
683,0.00004058,0.98866218
684,0.00004051,0.98870271
685,0.00004031,0.98874301
686,0.00004027,0.98878330
687,0.00004018,0.98882347
688,0.00004006,0.98886353
689,0.00004000,0.98890352
690,0.00003996,0.98894346
691,0.00003975,0.98898321
692,0.00003973,0.98902297
693,0.00003964,0.98906261
694,0.00003954,0.98910213
695,0.00003944,0.98914158
696,0.00003933,0.98918092
697,0.00003929,0.98922020
698,0.00003917,0.98925936
699,0.00003906,0.98929840
700,0.00003902,0.98933744
701,0.00003891,0.98937637
702,0.00003879,0.98941517
703,0.00003870,0.98945385
704,0.00003865,0.98949248
705,0.00003851,0.98953098
706,0.00003843,0.98956943
707,0.00003837,0.98960781
708,0.00003833,0.98964614
709,0.00003829,0.98968440
710,0.00003824,0.98972267
711,0.00003806,0.98976070
712,0.00003802,0.98979872
713,0.00003787,0.98983657
714,0.00003781,0.98987436
715,0.00003773,0.98991209
716,0.00003760,0.98994970
717,0.00003748,0.98998719
718,0.00003744,0.99002463
719,0.00003737,0.99006200
720,0.00003722,0.99009919
721,0.00003710,0.99013627
722,0.00003702,0.99017328
723,0.00003688,0.99021018
724,0.00003687,0.99024707
725,0.00003673,0.99028379
726,0.00003664,0.99032044
727,0.00003655,0.99035698
728,0.00003649,0.99039346
729,0.00003645,0.99042994
730,0.00003638,0.99046630
731,0.00003634,0.99050266
732,0.00003622,0.99053890
733,0.00003616,0.99057508
734,0.00003605,0.99061114
735,0.00003595,0.99064708
736,0.00003589,0.99068296
737,0.00003580,0.99071878
738,0.00003573,0.99075449
739,0.00003569,0.99079019
740,0.00003558,0.99082577
741,0.00003539,0.99086118
742,0.00003532,0.99089652
743,0.00003519,0.99093169
744,0.00003511,0.99096680
745,0.00003508,0.99100184
746,0.00003498,0.99103683
747,0.00003491,0.99107176
748,0.00003483,0.99110657
749,0.00003476,0.99114132
750,0.00003470,0.99117601
751,0.00003460,0.99121058
752,0.00003449,0.99124509
753,0.00003442,0.99127954
754,0.00003438,0.99131393
755,0.00003430,0.99134827
756,0.00003422,0.99138248
757,0.00003415,0.99141663
758,0.00003406,0.99145067
759,0.00003402,0.99148470
760,0.00003383,0.99151856
761,0.00003379,0.99155235
762,0.00003369,0.99158603
763,0.00003359,0.99161965
764,0.00003353,0.99165320
765,0.00003342,0.99168664
766,0.00003339,0.99172002
767,0.00003331,0.99175334
768,0.00003329,0.99178660
769,0.00003321,0.99181980
770,0.00003318,0.99185300
771,0.00003312,0.99188614
772,0.00003301,0.99191916
773,0.00003291,0.99195206
774,0.00003275,0.99198478
775,0.00003271,0.99201751
776,0.00003258,0.99205011
777,0.00003251,0.99208260
778,0.00003242,0.99211502
779,0.00003238,0.99214739
780,0.00003224,0.99217963
781,0.00003221,0.99221182
782,0.00003216,0.99224401
783,0.00003203,0.99227601
784,0.00003196,0.99230796
785,0.00003194,0.99233991
786,0.00003186,0.99237174
787,0.00003179,0.99240351
788,0.00003175,0.99243528
789,0.00003166,0.99246693
790,0.00003159,0.99249852
791,0.00003154,0.99253005
792,0.00003152,0.99256158
793,0.00003131,0.99259287
794,0.00003129,0.99262416
795,0.00003122,0.99265540
796,0.00003115,0.99268657
797,0.00003112,0.99271768
798,0.00003104,0.99274874
799,0.00003099,0.99277973
800,0.00003098,0.99281073
801,0.00003081,0.99284154
802,0.00003074,0.99287230
803,0.00003065,0.99290293
804,0.00003055,0.99293345
805,0.00003049,0.99296397
806,0.00003048,0.99299443
807,0.00003042,0.99302483
808,0.00003031,0.99305516
809,0.00003023,0.99308538
810,0.00003018,0.99311554
811,0.00003011,0.99314564
812,0.00003005,0.99317569
813,0.00002999,0.99320567
814,0.00002987,0.99323553
815,0.00002981,0.99326533
816,0.00002975,0.99329507
817,0.00002964,0.99332470
818,0.00002959,0.99335432
819,0.00002953,0.99338388
820,0.00002952,0.99341339
821,0.00002943,0.99344283
822,0.00002932,0.99347216
823,0.00002925,0.99350142
824,0.00002922,0.99353063
825,0.00002909,0.99355972
826,0.00002902,0.99358875
827,0.00002900,0.99361777
828,0.00002889,0.99364668
829,0.00002880,0.99367547
830,0.00002878,0.99370426
831,0.00002871,0.99373299
832,0.00002860,0.99376160
833,0.00002855,0.99379015
834,0.00002847,0.99381864
835,0.00002846,0.99384713
836,0.00002839,0.99387550
837,0.00002834,0.99390382
838,0.00002829,0.99393213
839,0.00002815,0.99396026
840,0.00002810,0.99398834
841,0.00002808,0.99401641
842,0.00002802,0.99404442
843,0.00002790,0.99407232
844,0.00002784,0.99410015
845,0.00002781,0.99412799
846,0.00002777,0.99415576
847,0.00002771,0.99418348
848,0.00002768,0.99421114
849,0.00002765,0.99423879
850,0.00002747,0.99426627
851,0.00002745,0.99429375
852,0.00002740,0.99432117
853,0.00002735,0.99434853
854,0.00002727,0.99437577
855,0.00002720,0.99440295
856,0.00002716,0.99443012
857,0.00002715,0.99445730
858,0.00002707,0.99448436
859,0.00002703,0.99451137
860,0.00002702,0.99453837
861,0.00002691,0.99456525
862,0.00002682,0.99459207
863,0.00002675,0.99461883
864,0.00002665,0.99464548
865,0.00002663,0.99467212
866,0.00002650,0.99469864
867,0.00002639,0.99472505
868,0.00002635,0.99475139
869,0.00002623,0.99477762
870,0.00002618,0.99480379
871,0.00002610,0.99482989
872,0.00002607,0.99485594
873,0.00002601,0.99488193
874,0.00002597,0.99490792
875,0.00002595,0.99493384
876,0.00002585,0.99495971
877,0.00002582,0.99498552
878,0.00002577,0.99501127
879,0.00002566,0.99503696
880,0.00002564,0.99506259
881,0.00002560,0.99508822
882,0.00002549,0.99511373
883,0.00002541,0.99513912
884,0.00002535,0.99516445
885,0.00002527,0.99518973
886,0.00002521,0.99521494
887,0.00002515,0.99524009
888,0.00002511,0.99526519
889,0.00002506,0.99529022
890,0.00002497,0.99531519
891,0.00002493,0.99534011
892,0.00002488,0.99536496
893,0.00002483,0.99538982
894,0.00002474,0.99541456
895,0.00002469,0.99543923
896,0.00002466,0.99546391
897,0.00002459,0.99548852
898,0.00002452,0.99551302
899,0.00002449,0.99553752
900,0.00002442,0.99556196
901,0.00002437,0.99558634
902,0.00002434,0.99561065
903,0.00002424,0.99563491
904,0.00002418,0.99565911
905,0.00002410,0.99568319
906,0.00002407,0.99570727
907,0.00002400,0.99573129
908,0.00002396,0.99575526
909,0.00002394,0.99577922
910,0.00002387,0.99580306
911,0.00002383,0.99582690
912,0.00002375,0.99585062
913,0.00002370,0.99587435
914,0.00002365,0.99589801
915,0.00002362,0.99592161
916,0.00002357,0.99594516
917,0.00002351,0.99596864
918,0.00002346,0.99599212
919,0.00002338,0.99601549
920,0.00002336,0.99603885
921,0.00002325,0.99606210
922,0.00002318,0.99608529
923,0.00002311,0.99610841
924,0.00002303,0.99613142
925,0.00002300,0.99615443
926,0.00002292,0.99617732
927,0.00002289,0.99620020
928,0.00002275,0.99622297
929,0.00002270,0.99624568
930,0.00002266,0.99626833
931,0.00002260,0.99629092
932,0.00002256,0.99631351
933,0.00002251,0.99633604
934,0.00002243,0.99635845
935,0.00002239,0.99638087
936,0.00002236,0.99640322
937,0.00002233,0.99642557
938,0.00002229,0.99644786
939,0.00002227,0.99647015
940,0.00002221,0.99649239
941,0.00002209,0.99651450
942,0.00002203,0.99653655
943,0.00002198,0.99655855
944,0.00002188,0.99658042
945,0.00002184,0.99660224
946,0.00002178,0.99662399
947,0.00002174,0.99664575
948,0.00002171,0.99666744
949,0.00002169,0.99668914
950,0.00002160,0.99671072
951,0.00002156,0.99673229
952,0.00002152,0.99675381
953,0.00002143,0.99677527
954,0.00002140,0.99679667
955,0.00002131,0.99681795
956,0.00002125,0.99683923
957,0.00002122,0.99686044
958,0.00002119,0.99688160
959,0.00002116,0.99690276
960,0.00002111,0.99692386
961,0.00002101,0.99694484
962,0.00002099,0.99696583
963,0.00002095,0.99698681
964,0.00002088,0.99700767
965,0.00002082,0.99702847
966,0.00002080,0.99704927
967,0.00002079,0.99707007
968,0.00002077,0.99709082
969,0.00002066,0.99711150
970,0.00002064,0.99713212
971,0.00002055,0.99715269
972,0.00002051,0.99717319
973,0.00002043,0.99719363
974,0.00002036,0.99721402
975,0.00002034,0.99723434
976,0.00002026,0.99725461
977,0.00002021,0.99727482
978,0.00002013,0.99729496
979,0.00002011,0.99731505
980,0.00002008,0.99733514
981,0.00002004,0.99735516
982,0.00001995,0.99737513
983,0.00001992,0.99739504
984,0.00001982,0.99741489
985,0.00001977,0.99743468
986,0.00001972,0.99745440
987,0.00001969,0.99747407
988,0.00001966,0.99749374
989,0.00001960,0.99751335
990,0.00001952,0.99753284
991,0.00001948,0.99755234
992,0.00001944,0.99757177
993,0.00001942,0.99759120
994,0.00001938,0.99761057
995,0.00001929,0.99762988
996,0.00001927,0.99764913
997,0.00001923,0.99766839
998,0.00001920,0.99768758
999,0.00001905,0.99770665
1000,0.00001900,0.99772567
1001,0.00001894,0.99774462
1002,0.00001887,0.99776351
1003,0.00001886,0.99778235
1004,0.00001879,0.99780113
1005,0.00001877,0.99781990
1006,0.00001876,0.99783868
1007,0.00001869,0.99785739
1008,0.00001862,0.99787599
1009,0.00001857,0.99789459
1010,0.00001851,0.99791312
1011,0.00001847,0.99793160
1012,0.00001840,0.99795002
1013,0.00001838,0.99796838
1014,0.00001834,0.99798673
1015,0.00001828,0.99800503
1016,0.00001826,0.99802327
1017,0.00001813,0.99804139
1018,0.00001809,0.99805951
1019,0.00001805,0.99807757
1020,0.00001799,0.99809557
1021,0.00001791,0.99811351
1022,0.00001785,0.99813139
1023,0.00001781,0.99814922
1024,0.00001776,0.99816698
1025,0.00001774,0.99818474
1026,0.00001769,0.99820244
1027,0.00001763,0.99822009
1028,0.00001757,0.99823767
1029,0.00001747,0.99825513
1030,0.00001744,0.99827260
1031,0.00001743,0.99829000
1032,0.00001738,0.99830741
1033,0.00001735,0.99832475
1034,0.00001726,0.99834204
1035,0.00001723,0.99835926
1036,0.00001721,0.99837649
1037,0.00001718,0.99839365
1038,0.00001711,0.99841076
1039,0.00001710,0.99842787
1040,0.00001703,0.99844491
1041,0.00001698,0.99846190
1042,0.00001686,0.99847877
1043,0.00001683,0.99849558
1044,0.00001682,0.99851239
1045,0.00001674,0.99852914
1046,0.00001672,0.99854589
1047,0.00001667,0.99856257
1048,0.00001663,0.99857920
1049,0.00001655,0.99859577
1050,0.00001643,0.99861223
1051,0.00001637,0.99862862
1052,0.00001633,0.99864495
1053,0.00001631,0.99866128
1054,0.00001622,0.99867749
1055,0.00001621,0.99869370
1056,0.00001615,0.99870986
1057,0.00001609,0.99872595
1058,0.00001602,0.99874198
1059,0.00001597,0.99875796
1060,0.00001591,0.99877387
1061,0.00001589,0.99878979
1062,0.00001586,0.99880564
1063,0.00001583,0.99882150
1064,0.00001578,0.99883729
1065,0.00001575,0.99885303
1066,0.00001570,0.99886870
1067,0.00001562,0.99888432
1068,0.00001562,0.99889994
1069,0.00001556,0.99891549
1070,0.00001550,0.99893099
1071,0.00001541,0.99894637
1072,0.00001533,0.99896169
1073,0.00001529,0.99897701
1074,0.00001526,0.99899226
1075,0.00001517,0.99900740
1076,0.00001515,0.99902254
1077,0.00001504,0.99903756
1078,0.00001503,0.99905258
1079,0.00001500,0.99906760
1080,0.00001494,0.99908257
1081,0.00001489,0.99909747
1082,0.00001484,0.99911231
1083,0.00001481,0.99912709
1084,0.00001475,0.99914181
1085,0.00001471,0.99915653
1086,0.00001469,0.99917126
1087,0.00001463,0.99918586
1088,0.00001455,0.99920040
1089,0.00001451,0.99921489
1090,0.00001446,0.99922937
1091,0.00001441,0.99924380
1092,0.00001440,0.99925822
1093,0.00001432,0.99927253
1094,0.00001422,0.99928677
1095,0.00001421,0.99930096
1096,0.00001408,0.99931502
1097,0.00001408,0.99932909
1098,0.00001401,0.99934310
1099,0.00001396,0.99935704
1100,0.00001390,0.99937093
1101,0.00001386,0.99938482
1102,0.00001379,0.99939859
1103,0.00001370,0.99941230
1104,0.00001369,0.99942601
1105,0.00001363,0.99943966
1106,0.00001359,0.99945325
1107,0.00001354,0.99946678
1108,0.00001347,0.99948025
1109,0.00001342,0.99949366
1110,0.00001339,0.99950707
1111,0.00001329,0.99952036
1112,0.00001325,0.99953359
1113,0.00001322,0.99954683
1114,0.00001316,0.99956000
1115,0.00001310,0.99957311
1116,0.00001303,0.99958616
1117,0.00001300,0.99959916
1118,0.00001292,0.99961209
1119,0.00001282,0.99962491
1120,0.00001281,0.99963772
1121,0.00001279,0.99965054
1122,0.00001267,0.99966323
1123,0.00001263,0.99967587
1124,0.00001261,0.99968851
1125,0.00001253,0.99970102
1126,0.00001250,0.99971354
1127,0.00001239,0.99972594
1128,0.00001232,0.99973828
1129,0.00001226,0.99975055
1130,0.00001218,0.99976271
1131,0.00001212,0.99977481
1132,0.00001203,0.99978685
1133,0.00001193,0.99979877
1134,0.00001189,0.99981064
1135,0.00001186,0.99982250
1136,0.00001180,0.99983430
1137,0.00001168,0.99984598
1138,0.00001166,0.99985766
1139,0.00001163,0.99986929
1140,0.00001152,0.99988079
1141,0.00001142,0.99989223
1142,0.00001120,0.99990344
1143,0.00001116,0.99991459
1144,0.00001110,0.99992567
1145,0.00001109,0.99993676
1146,0.00001090,0.99994767
1147,0.00001077,0.99995846
1148,0.00001059,0.99996907
1149,0.00001041,0.99997950
1150,0.00001038,0.99998987
1151,0.00001023,1.00000012
1152,0.00000000,1.00000012
